year,home_team,away_team,home_points,away_points,spread,model_home_win_prob,model_pick_home,vegas_pick_home,model_correct,home_win
2021,Virginia Tech,North Carolina,17,10,5.5,0.5021808780601147,1,0,1,1
2021,Washington,Oregon,16,26,7.0,0.5984681930504573,1,0,0,0
2021,South Carolina,Florida,40,17,20.5,0.5643968070403084,1,0,1,1
2021,Arkansas,Mississippi State,31,28,-4.0,0.4648139964590317,0,1,0,1
2021,Purdue,Michigan State,40,29,2.5,0.6153507237750826,1,0,1,1
2021,West Virginia,Oklahoma State,3,24,3.5,0.6375316251408454,1,0,0,0
2021,TCU,Baylor,30,28,7.5,0.6158603237212372,1,0,1,1
2021,Kansas,Kansas State,10,35,24.0,0.5091277124529462,1,0,0,0
2021,Stanford,Utah,7,52,11.0,0.6639814541295113,1,0,0,0
2021,Boston College,Virginia Tech,17,3,1.0,0.52263861653711,1,0,1,1
2021,Stanford,Washington,13,20,-2.5,0.3656432222424329,0,1,1,0
2021,BYU,Virginia,66,49,-2.5,0.39913390863143633,0,1,0,1
2021,Utah,UCLA,44,24,-6.5,0.36042860000494525,0,1,0,1
2021,Clemson,Florida State,30,20,-9.5,0.4472233422040594,0,1,0,1
2021,Vanderbilt,Missouri,28,37,16.0,0.5574210290562213,1,0,0,0
2021,West Virginia,Iowa State,38,31,7.5,0.5508473599403582,1,0,1,1
2021,Baylor,Texas,31,24,-2.5,0.31264819346344647,0,1,0,1
2021,Pittsburgh,Miami,34,38,-9.5,0.32725086392484665,0,1,1,0
2021,Illinois,Rutgers,14,20,1.5,0.5285309676153387,1,0,0,0
2021,Virginia,Georgia Tech,48,40,-6.5,0.4916381944058706,0,1,0,1
2021,Iowa State,Texas,30,7,-6.0,0.3647906895917565,0,1,0,1
2021,Penn State,Michigan,17,21,2.5,0.6271612666081928,1,0,0,0
2021,Florida State,Miami,31,28,2.5,0.5976854664036925,1,0,1,1
2021,Georgia Tech,Boston College,30,41,1.5,0.612641972407832,1,0,0,0
2021,Wake Forest,Pittsburgh,21,45,3.5,0.5312638519615971,1,0,0,0
2021,Utah,Oregon,38,10,-3.0,0.31843709887387384,0,1,0,1
2021,USC,BYU,31,35,8.5,0.8640269193673733,1,0,0,0
2021,Syracuse,Pittsburgh,14,31,12.5,0.5200503771481813,1,0,0,0
2021,South Carolina,Clemson,0,30,11.5,0.5070698447967421,1,0,0,0
2021,Oklahoma State,Oklahoma,37,33,-4.0,0.21865731261203247,0,1,0,1
2021,LSU,Texas A&M,27,24,6.5,0.6032899094584131,1,0,1,1
2021,Florida,Florida State,24,21,-4.0,0.39111196948118376,0,1,0,1
2021,Boston College,Wake Forest,10,41,6.5,0.5312819737949399,1,0,0,0
2021,Miami,NC State,31,30,3.5,0.7696399780076841,1,0,1,1
2021,Utah,Colorado,28,13,-24.0,0.4595255085058369,0,1,0,1
2021,Utah,Oregon,38,7,-3.0,0.30302067346887385,0,1,0,1
2021,USC,UCLA,33,62,3.5,0.6659740496359309,1,0,0,0
2021,Indiana,Minnesota,14,35,7.5,0.5468495197503326,1,0,0,0
2021,West Virginia,Texas,31,23,-2.5,0.3665255865775938,0,1,0,1
2021,Boston College,Florida State,23,26,-3.0,0.2433183175973776,0,1,1,0
2021,Duke,Louisville,22,62,20.0,0.525604121069225,1,0,0,0
2021,Oklahoma State,TCU,63,17,-11.0,0.4486274270565066,0,1,0,1
2021,LSU,Arkansas,13,16,3.0,0.8172578633903471,1,0,0,0
2021,Vanderbilt,Kentucky,17,34,21.5,0.5922776517701496,1,0,0,0
2021,Texas Tech,Oklahoma State,0,23,10.0,0.5244725847794834,1,0,0,0
2021,Notre Dame,USC,31,16,-7.5,0.4483649474690984,0,1,0,1
2021,Florida State,NC State,14,28,3.0,0.8030543311458798,1,0,0,0
2021,Ole Miss,LSU,31,17,-9.0,0.3114085879493835,0,1,0,1
2021,Maryland,Iowa,14,51,3.0,0.606713966961852,1,0,0,0
2021,Georgia Tech,North Carolina,45,22,14.5,0.5588587444310539,1,0,1,1
2021,Michigan State,Nebraska,23,20,-3.5,0.42214024577254977,0,1,0,1
2021,South Carolina,Kentucky,10,16,4.5,0.7377030549712118,1,0,0,0
2021,Oklahoma State,Kansas State,31,20,-6.0,0.49388485502632046,0,1,0,1
2021,Wisconsin,Notre Dame,13,41,-6.0,0.4958366417106155,0,1,1,0
2021,Duke,Northwestern,30,23,2.5,0.6909047416740431,1,0,1,1
2021,Kansas,Baylor,7,45,17.0,0.5324934568263854,1,0,0,0
2021,Wake Forest,Florida State,35,14,-4.5,0.25668919680333,0,1,0,1
2021,Missouri,Tennessee,24,62,-2.5,0.4462750833961092,0,1,1,0
2021,Indiana,Cincinnati,24,38,4.0,0.5740116049636882,1,0,0,0
2021,Louisville,UCF,42,35,7.0,0.6084878756851597,1,0,1,1
2021,Mississippi State,NC State,24,10,1.5,0.6281250828990729,1,0,1,1
2021,Syracuse,Rutgers,7,17,2.5,0.5392588764101204,1,0,0,0
2021,Tennessee,Pittsburgh,34,41,3.5,0.6115499773987125,1,0,0,0
2021,Florida State,Notre Dame,38,41,7.5,0.7012183595484349,1,0,0,0
2021,UCLA,Oregon,31,34,-1.0,0.48429643545393314,0,1,1,0
2021,Maryland,West Virginia,30,24,2.5,0.5498310203892768,1,0,1,1
2021,Wisconsin,Penn State,10,16,-5.5,0.3167046874413758,0,1,1,0
2021,Northwestern,Michigan State,21,38,-3.0,0.3599181585755265,0,1,1,0
2021,Illinois,Maryland,17,20,7.0,0.5013238005459227,1,0,0,0
2021,Georgia Tech,Pittsburgh,21,52,3.0,0.5606300971211359,1,0,0,0
2021,Clemson,Georgia,3,10,-2.5,0.2230739901188359,0,1,1,0
2021,Notre Dame,Cincinnati,13,24,2.0,0.6945091662796781,1,0,0,0
2021,Wisconsin,Michigan,17,38,-2.5,0.3904276283127971,0,1,1,0
2021,Pittsburgh,Clemson,27,17,-3.5,0.37487730631521876,0,1,0,1
2021,Kansas State,Iowa State,20,33,6.5,0.5142763488076809,1,0,0,0
2021,Boston College,NC State,7,33,3.0,0.5185681908083357,1,0,0,0
2021,Tennessee,Ole Miss,26,31,1.0,0.5609838397891109,1,0,0,0
2021,Kansas,Texas Tech,14,41,18.5,0.5881296739097713,1,0,0,0
2021,Virginia Tech,Pittsburgh,7,28,6.5,0.5219615481705372,1,0,0,0
2021,Iowa,Purdue,7,24,-11.5,0.4699080511688407,0,1,1,0
2021,North Carolina,Miami,45,42,-7.5,0.3449151604985242,0,1,0,1
2021,Arkansas,Auburn,23,38,-4.5,0.3108002812538375,0,1,1,0
2021,Purdue,Wisconsin,13,30,3.5,0.5334381780378643,1,0,0,0
2021,Indiana,Michigan State,15,20,3.5,0.5731550601732729,1,0,0,0
2021,LSU,Florida,49,42,12.5,0.7146811886837066,1,0,1,1
2021,Tennessee,South Carolina,45,20,-10.5,0.4785635850122507,0,1,0,1
2021,Rutgers,Michigan State,13,31,4.0,0.5697138365909107,1,0,0,0
2021,Syracuse,Wake Forest,37,40,6.0,0.55567623480314,1,0,0,0
2021,Baylor,West Virginia,45,20,-1.0,0.4890015266618447,0,1,0,1
2021,Iowa,Penn State,23,20,-2.5,0.24071765870835798,0,1,0,1
2021,Virginia Tech,Notre Dame,29,32,-1.0,0.4080379786793271,0,1,1,0
2021,Kentucky,LSU,42,21,-2.0,0.21415881620665747,0,1,0,1
2021,North Carolina,Florida State,25,35,-17.5,0.30139131260549207,0,1,1,0
2022,Virginia,Pittsburgh,7,37,5.5,0.6845843971905643,1,0,0,0
2022,Virginia Tech,Georgia Tech,27,28,-4.0,0.4380014416082824,0,1,1,0
2022,Miami,Florida State,3,45,6.5,0.5999683810426996,1,0,0,0
2022,Mississippi State,Auburn,39,33,-12.5,0.39764575533771607,0,1,0,1
2022,Pittsburgh,Syracuse,19,9,-3.5,0.47399700369029135,0,1,0,1
2022,Illinois,Michigan State,15,23,-16.0,0.4073215189463333,0,1,1,0
2022,Kansas,Oklahoma State,37,16,-3.0,0.42480807272837307,0,1,0,1
2022,NC State,Wake Forest,30,21,3.0,0.6235287759644629,1,0,1,1
2022,UCLA,Stanford,38,13,-16.5,0.4457497202457917,0,1,0,1
2022,Purdue,Iowa,3,24,-3.5,0.42908546553232274,0,1,1,0
2022,Boston College,Duke,31,38,11.5,0.6314662353123642,1,0,0,0
2022,Texas A&M,Ole Miss,28,31,3.0,0.8512017217615276,1,0,0,0
2022,Louisville,Wake Forest,48,21,3.0,0.5562003674700833,1,0,1,1
2022,Kansas State,Oklahoma State,48,0,-2.5,0.3764784634345533,0,1,0,1
2022,Nebraska,Illinois,9,26,7.5,0.6384038584665671,1,0,0,0
2022,Illinois,Purdue,24,31,-6.0,0.4576623066760544,0,1,1,0
2022,Auburn,Arkansas,27,41,4.0,0.6467513838975963,1,0,0,0
2022,Missouri,Kentucky,17,21,-1.0,0.41869232209553114,0,1,1,0
2022,Iowa,Wisconsin,24,10,1.5,0.5630128629915547,1,0,1,1
2022,Ole Miss,Mississippi State,22,24,-2.5,0.44033021510547343,0,1,1,0
2022,Georgia Tech,Miami,14,35,-2.0,0.3140126328242545,0,1,1,0
2022,Missouri,Vanderbilt,17,14,-14.0,0.4917108444193202,0,1,0,1
2022,TCU,Kansas State,28,31,1.0,0.7274507348590763,1,0,0,0
2022,Stanford,BYU,26,35,6.5,0.7758195322684402,1,0,0,0
2022,Kansas State,Kansas,47,27,-12.0,0.4987898132739345,0,1,0,1
2022,Miami,Pittsburgh,16,42,4.0,0.8415438332020003,1,0,0,0
2022,Boston College,Syracuse,23,32,10.5,0.5434483686628071,1,0,0,0
2022,USC,Notre Dame,38,27,-4.5,0.4461022240710592,0,1,0,1
2022,Texas A&M,LSU,38,23,10.0,0.5261100480297518,1,0,1,1
2022,Northwestern,Illinois,3,41,14.5,0.5374347809041087,1,0,0,0
2022,Arkansas,Ole Miss,42,27,1.0,0.6977861816208759,1,0,1,1
2022,Louisville,NC State,25,10,-4.0,0.4794659372450055,0,1,0,1
2022,West Virginia,Kansas State,31,48,8.0,0.5037810091783704,1,0,0,0
2022,Utah,Stanford,42,7,-24.0,0.48794727785148856,0,1,0,1
2022,Auburn,Texas A&M,13,10,-1.5,0.42494894837825714,0,1,0,1
2022,Wake Forest,North Carolina,34,36,-4.5,0.4228274029611146,0,1,1,0
2022,Oregon,Washington,34,37,-12.0,0.4801506658223353,0,1,1,0
2022,Texas Tech,Kansas,43,28,-3.5,0.4928795195412478,0,1,0,1
2022,Oklahoma State,Iowa State,20,14,2.5,0.745067954310497,1,0,1,1
2022,LSU,Ole Miss,45,20,0.0,0.8624912812437748,1,0,1,1
2022,Vanderbilt,Ole Miss,28,52,17.0,0.6043161896542076,1,0,0,0
2022,Kentucky,Mississippi State,27,17,3.5,0.5700435639431205,1,0,1,1
2022,Boston College,Louisville,34,33,13.5,0.5183682463104611,1,0,1,1
2022,UCF,Georgia Tech,27,10,-21.0,0.46887889284232276,0,1,0,1
2022,Michigan State,Minnesota,7,34,3.0,0.5105869251374164,1,0,0,0
2022,North Carolina,Notre Dame,32,45,-2.5,0.450395197670534,0,1,1,0
2022,Syracuse,Virginia,22,20,-9.5,0.47976888668064444,0,1,0,1
2022,Virginia Tech,West Virginia,10,33,2.0,0.5770858109300142,1,0,0,0
2022,LSU,Mississippi State,31,16,3.0,0.8021363267963322,1,0,1,1
2022,Georgia Tech,Ole Miss,0,42,17.0,0.6430037595311565,1,0,0,0
2022,Virginia Tech,Boston College,27,10,-3.0,0.4918725624947109,0,1,0,1
2022,Stanford,USC,28,41,9.5,0.5938510241490382,1,0,0,0
2022,West Virginia,Kansas,42,55,-14.0,0.453551352236025,0,1,1,0
2022,Illinois,Virginia,24,3,-4.0,0.4169290951658972,0,1,0,1
2022,Arkansas,South Carolina,44,30,-8.5,0.4964276313803213,0,1,0,1
2022,Vanderbilt,Wake Forest,25,45,13.5,0.5385402355728497,1,0,0,0
2022,Syracuse,Louisville,31,7,6.0,0.523953790004347,1,0,1,1
2022,Florida,Utah,29,26,2.5,0.6559210400128461,1,0,1,1
2022,Baylor,Kansas,35,23,-10.5,0.4557580312769441,0,1,0,1
2022,Ole Miss,Kentucky,22,19,-6.5,0.4194003509677785,0,1,0,1
2022,Kansas,Iowa State,14,11,3.5,0.6394082482973481,1,0,1,1
2022,UCF,Louisville,14,20,-5.5,0.49225301197964244,0,1,1,0
2022,Mississippi State,Texas A&M,42,24,-4.0,0.2861024785788899,0,1,0,1
2022,Baylor,Oklahoma State,25,36,-2.5,0.33690581822714755,0,1,1,0
2022,Syracuse,NC State,24,9,-3.0,0.45439973248324245,0,1,0,1
2022,Ole Miss,Auburn,48,34,-15.5,0.29907184055217156,0,1,0,1
2022,West Virginia,Baylor,43,40,3.0,0.5467915498847666,1,0,1,1
2022,NC State,Florida State,19,17,-3.5,0.4043035464993607,0,1,0,1
2022,Illinois,Iowa,9,6,-3.5,0.34254887530064143,0,1,0,1
2022,Kentucky,South Carolina,14,24,-4.5,0.4668981482360542,0,1,1,0
2022,Iowa State,Kansas State,9,10,1.0,0.5054723513539447,1,0,0,0
2022,BYU,Arkansas,35,52,-1.0,0.3668724385519664,0,1,1,0
2022,Georgia Tech,Duke,23,20,3.5,0.6803273568472967,1,0,1,1
2022,Duke,Virginia,38,17,-2.0,0.3904912150513607,0,1,0,1
2022,Pittsburgh,Georgia Tech,21,26,-21.5,0.42592717543686454,0,1,1,0
2022,Rutgers,Nebraska,13,14,3.0,0.508102890585005,1,0,0,0
2022,Florida,LSU,35,45,-2.0,0.42642648398169053,0,1,1,0
2022,Mississippi State,Arkansas,40,17,-8.5,0.49822257690342076,0,1,0,1
2022,UCLA,Utah,42,32,3.0,0.5067438193781214,1,0,1,1
2022,LSU,Tennessee,13,40,2.5,0.6189756175731471,1,0,0,0
2023,Stanford,UCLA,7,42,17.0,0.6798169674006369,1,0,0,0
2023,UCF,Oklahoma State,45,3,2.0,0.5849612819170064,1,0,1,1
2023,Kansas State,Baylor,59,25,-21.0,0.45170807611238706,0,1,0,1
2023,Illinois,Indiana,48,45,-4.5,0.4785879133594616,0,1,0,1
2023,USC,Washington,42,52,3.5,0.5366925042082259,1,0,0,0
2023,Mississippi State,Kentucky,3,24,5.5,0.5866499230545721,1,0,0,0
2023,Louisville,Virginia Tech,34,3,-10.0,0.3866622183244073,0,1,0,1
2023,Northwestern,Iowa,7,10,5.5,0.583684931388241,1,0,0,0
2023,Clemson,Notre Dame,31,23,2.5,0.6961286983975397,1,0,1,1
2023,Auburn,Ole Miss,21,28,6.5,0.6852893391296228,1,0,0,0
2023,Louisville,Duke,23,0,-4.5,0.341722247404688,0,1,0,1
2023,Baylor,Iowa State,18,30,3.0,0.5625163871797196,1,0,0,0
2023,Nebraska,Purdue,31,14,1.5,0.5730374575620998,1,0,1,1
2023,Syracuse,Pittsburgh,28,13,3.0,0.6680522008212038,1,0,1,1
2023,Virginia,Georgia Tech,17,45,-1.5,0.4740778172149669,0,1,1,0
2023,Ole Miss,Texas A&M,38,35,-3.5,0.22753914966542063,0,1,0,1
2023,Mississippi State,Ole Miss,7,17,10.5,0.5264478817419391,1,0,0,0
2023,Arkansas,Auburn,10,48,-2.0,0.37425984168752996,0,1,1,0
2023,Kansas State,Iowa State,35,42,-11.5,0.46530431962046065,0,1,1,0
2023,Missouri,South Carolina,34,12,-7.5,0.4886856383082042,0,1,0,1
2023,Baylor,West Virginia,31,34,8.5,0.6221136730084412,1,0,0,0
2023,Florida,Florida State,15,24,6.5,0.5577847240986299,1,0,0,0
2023,Illinois,Northwestern,43,45,-5.5,0.4056760615907707,0,1,1,0
2023,Michigan,Ohio State,30,24,-3.0,0.4606753618544281,0,1,0,1
2023,Purdue,Minnesota,49,30,2.0,0.5501426627064385,1,0,1,1
2023,Louisville,Kentucky,31,38,-7.0,0.36399008240001085,0,1,1,0
2023,Nebraska,Iowa,10,13,1.0,0.5371032698008661,1,0,0,0
2023,Georgia Tech,Syracuse,31,22,-6.0,0.4970707331238384,0,1,0,1
2023,Missouri,Florida,33,31,-10.5,0.40312750728045177,0,1,0,1
2023,South Carolina,Kentucky,17,14,1.5,0.6094722434778819,1,0,1,1
2023,Kansas,Kansas State,27,31,7.5,0.637236143943442,1,0,0,0
2023,TCU,Baylor,42,17,-13.5,0.41442471655707247,0,1,0,1
2023,Arkansas,Missouri,14,48,7.0,0.5757209780257828,1,0,0,0
2023,Cincinnati,Baylor,29,32,-2.5,0.3487084832534008,0,1,1,0
2023,Wake Forest,Georgia Tech,16,30,-3.5,0.48639716061048544,0,1,1,0
2023,Pittsburgh,Louisville,38,21,7.0,0.5694402878444924,1,0,1,1
2023,Purdue,Syracuse,20,35,1.0,0.5059354680206393,1,0,0,0
2023,West Virginia,Pittsburgh,17,6,2.0,0.6039990799848906,1,0,1,1
2023,Florida,Tennessee,29,16,5.0,0.5804262163667828,1,0,1,1
2023,Rutgers,Virginia Tech,35,16,-6.5,0.4451873027538745,0,1,0,1
2023,Missouri,Kansas State,30,27,2.0,0.6765357370032491,1,0,1,1
2023,Indiana,Louisville,14,21,10.0,0.6290586927345873,1,0,0,0
2023,Clemson,Florida State,24,31,2.0,0.7119695924412547,1,0,0,0
2023,Iowa State,Iowa,13,20,3.5,0.5660680312710757,1,0,0,0
2023,Wake Forest,Vanderbilt,36,20,-9.5,0.4637725865414255,0,1,0,1
2023,Rutgers,Northwestern,24,7,-7.0,0.4705594162535873,0,1,0,1
2023,North Carolina,South Carolina,31,17,2.5,0.6872019755806367,1,0,1,1
2023,Georgia Tech,Louisville,34,39,8.0,0.6396875960552414,1,0,0,0
2023,Utah,Florida,24,11,-8.0,0.41730063007549467,0,1,0,1
2023,Alabama,Georgia,27,24,5.0,0.61119823363855,1,0,1,1
2023,Colorado,Nebraska,36,14,-3.0,0.4066721306981491,0,1,0,1
2023,Indiana,Rutgers,14,31,6.0,0.5535341984400263,1,0,0,0
2023,Louisville,Boston College,56,28,-13.5,0.4981620780575605,0,1,0,1
2023,Kansas State,UCF,44,31,-6.5,0.49540457342778016,0,1,0,1
2023,Washington,Oregon,36,33,-3.0,0.36019360030870273,0,1,0,1
2023,Tennessee,Texas A&M,20,13,-3.0,0.26918813419306925,0,1,0,1
2023,Cincinnati,Iowa State,10,30,-5.0,0.3612471048960981,0,1,1,0
2023,Colorado,Stanford,43,46,-13.5,0.33254109132757,0,1,1,0
2023,Iowa State,TCU,27,14,6.5,0.6646684556733785,1,0,1,1
2023,Baylor,Texas Tech,14,39,2.5,0.55580154108101,1,0,0,0
2023,Northwestern,Minnesota,37,34,10.5,0.6025563363140993,1,0,1,1
2023,Kansas,UCF,51,22,2.0,0.586227244340125,1,0,1,1
2023,Illinois,Nebraska,7,20,-3.0,0.434226358829177,0,1,1,0
2023,Oklahoma State,Kansas State,29,21,12.0,0.565878415765719,1,0,1,1
2023,Virginia Tech,Pittsburgh,38,21,2.5,0.6838761221235462,1,0,1,1
2023,TCU,West Virginia,21,24,-12.5,0.4890543922462375,0,1,1,0
2023,Kentucky,Florida,33,14,-1.5,0.4015408550684331,0,1,0,1
2023,NC State,Louisville,10,13,3.0,0.6261498761774146,1,0,0,0
2023,Texas A&M,Alabama,20,26,1.0,0.5196303838903923,1,0,0,0
2023,Florida State,Louisville,16,6,1.5,0.8296873394378875,1,0,1,1
