year,team,points,rank
2010,Florida,324.62,1
2010,Texas,312.07,2
2010,USC,294.73,3
2010,Alabama,284.2,4
2010,Oklahoma,283.58,5
2010,Auburn,277.2,6
2010,Tennessee,271.56,7
2010,Florida State,271.41,8
2010,LSU,267.84,9
2010,UCLA,263.81,10
2010,Georgia,259.87,11
2010,Oregon,250.88,12
2010,Penn State,249.63,13
2010,Miami,249.55,14
2010,Notre Dame,241.92,15
2010,Texas A&M,240.98,16
2010,Michigan,237.54,17
2010,Ohio State,237.38,18
2010,Washington,234.35,19
2010,California,233.8,20
2010,Missouri,229.0,21
2010,Michigan State,225.56,22
2010,North Carolina,224.64,23
2010,Ole Miss,223.7,24
2010,Stanford,223.33,25
2010,Nebraska,219.7,26
2010,Clemson,218.08,27
2010,Virginia Tech,214.01,28
2010,Oklahoma State,213.1,29
2010,Mississippi State,212.47,30
2010,Pittsburgh,212.43,31
2010,West Virginia,211.69,32
2010,BYU,211.56,33
2010,South Carolina,210.39,34
2010,NC State,208.25,35
2010,Iowa,208.14,36
2010,Texas Tech,207.32,37
2010,Baylor,206.15,38
2010,Maryland,205.67,39
2010,Arizona State,203.28,40
2010,Arkansas,203.21,41
2010,Utah,202.2,42
2010,Georgia Tech,201.21,43
2010,Louisville,197.18,44
2010,Boston College,196.9,45
2010,Wisconsin,194.33,46
2010,TCU,192.08,47
2010,Southern Miss,191.15,48
2010,Kentucky,190.83,49
2010,UCF,189.21,50
2010,Vanderbilt,188.39,51
2010,Minnesota,186.47,52
2010,Purdue,186.34,53
2010,Rutgers,186.09,54
2010,Houston,185.42,55
2010,Cincinnati,184.21,56
2010,Colorado,183.91,57
2010,Arizona,183.75,58
2010,South Florida,182.46,59
2010,Syracuse,180.14,60
2010,Illinois,180.07,61
2010,Oregon State,178.62,62
2010,Wake Forest,178.48,63
2010,Kansas,177.9,64
2010,Washington State,177.38,65
2010,SMU,177.12,66
2010,Northwestern,176.85,67
2010,Iowa State,175.2,68
2010,Fresno State,175.17,69
2010,Colorado State,172.59,70
2010,Memphis,172.54,71
2010,Tulsa,172.19,72
2010,Duke,171.81,73
2010,Virginia,170.27,74
2010,San Diego State,165.98,75
2010,Kansas State,164.45,76
2010,Indiana,164.39,77
2010,Marshall,164.29,78
2010,New Mexico,157.08,79
2010,Hawai'i,155.71,80
2010,Louisiana Tech,154.22,81
2010,Florida International,153.54,82
2010,East Carolina,152.95,83
2010,UConn,151.1,84
2010,UTEP,150.87,85
2010,UAB,150.49,86
2010,Toledo,149.24,87
2010,Western Michigan,146.63,88
2010,Bowling Green,146.16,89
2010,Tulane,145.27,90
2010,Nevada,144.64,91
2010,Rice,144.16,92
2010,Ball State,142.28,93
2010,Arkansas State,142.14,94
2010,Temple,141.31,95
2010,San José State,140.49,96
2010,Idaho,140.01,97
2010,Northern Illinois,139.25,98
2010,Wyoming,138.94,99
2010,Miami (OH),138.32,100
2010,Kent State,138.28,101
2010,Akron,136.89,102
2010,UNLV,136.45,103
2010,New Mexico State,132.06,104
2010,Utah State,127.94,105
2010,Central Michigan,127.67,106
2010,Western Kentucky,126.31,107
2010,Buffalo,125.67,108
2010,Troy,117.28,109
2010,Boise State,115.97,110
2010,Eastern Michigan,110.9,111
2010,Ohio,101.59,112
2010,Army,99.95,113
2010,Middle Tennessee,88.46,114
2010,Louisiana,86.44,115
2010,UL Monroe,85.12,116
2010,North Texas,83.28,117
2010,Florida Atlantic,66.11,118
2010,Navy,38.65,119
2010,Air Force,26.17,120
2010,Georgia Southern,13.33,121
2010,Norfolk State,6.67,122
2010,New Hampshire,6.67,123
2010,Georgia State,0.0,125
2011,Alabama,298.5,1
2011,Florida State,297.03,2
2011,USC,286.99,3
2011,Texas,284.05,4
2011,Auburn,281.02,5
2011,Ohio State,278.47,6
2011,Georgia,278.18,7
2011,LSU,272.65,8
2011,Notre Dame,271.38,9
2011,Clemson,269.69,10
2011,Florida,258.24,11
2011,Oregon,257.09,12
2011,Oklahoma,256.79,13
2011,Tennessee,253.78,14
2011,California,249.7,15
2011,Nebraska,245.6,16
2011,South Carolina,244.09,17
2011,North Carolina,230.93,18
2011,Texas Tech,230.54,19
2011,Ole Miss,226.45,20
2011,Arkansas,226.22,21
2011,Stanford,221.85,22
2011,Virginia,220.78,23
2011,Washington,219.9,24
2011,Oklahoma State,212.82,25
2011,Iowa,208.64,26
2011,Louisville,208.34,27
2011,TCU,207.48,28
2011,Rutgers,205.88,29
2011,Michigan,205.16,30
2011,Penn State,201.4,31
2011,Michigan State,198.83,32
2011,Miami,198.68,33
2011,Texas A&M,193.44,34
2011,Virginia Tech,190.02,35
2011,Kentucky,184.89,36
2011,Illinois,183.92,37
2011,Utah,182.11,38
2011,Boston College,180.89,39
2011,Kansas,178.77,40
2011,Mississippi State,178.1,41
2011,Oregon State,175.84,42
2011,Georgia Tech,174.84,43
2011,Wisconsin,174.08,44
2011,UCLA,172.23,45
2011,Baylor,169.94,46
2011,Cincinnati,168.77,47
2011,Arizona,166.94,48
2011,Vanderbilt,164.0,49
2011,Maryland,162.97,50
2011,Kansas State,161.75,51
2011,West Virginia,160.31,52
2011,Boise State,159.98,53
2011,UCF,158.74,54
2011,Indiana,158.62,55
2011,Missouri,158.06,56
2011,Minnesota,157.15,57
2011,Syracuse,155.37,58
2011,Iowa State,153.86,59
2011,Marshall,152.84,60
2011,Northwestern,150.59,61
2011,Pittsburgh,150.28,62
2011,Duke,149.33,63
2011,Colorado,147.7,64
2011,Arizona State,146.68,65
2011,Wake Forest,144.89,66
2011,SMU,144.59,67
2011,Washington State,144.31,68
2011,BYU,143.97,69
2011,South Florida,143.19,70
2011,NC State,139.33,71
2011,East Carolina,138.07,72
2011,Houston,133.64,73
2011,Toledo,132.9,74
2011,Purdue,129.88,75
2011,Colorado State,122.79,76
2011,Memphis,122.48,77
2011,San Diego State,118.44,78
2011,UConn,117.6,79
2011,Tulsa,113.38,80
2011,Tulane,110.8,81
2011,Western Michigan,94.12,82
2011,Temple,93.88,83
2011,Louisiana,91.52,84
2011,Western Kentucky,85.81,85
2011,Southern Miss,83.64,86
2011,Navy,81.56,87
2011,Army,77.89,88
2011,Air Force,77.86,89
2011,Bowling Green,77.59,90
2011,South Alabama,76.36,91
2011,Florida International,76.24,92
2011,Central Michigan,75.64,93
2011,Hawai'i,73.77,94
2011,Northern Illinois,67.82,95
2011,Ohio,67.8,96
2011,Rice,67.71,97
2011,Fresno State,67.3,98
2011,Middle Tennessee,66.67,99
2011,Buffalo,61.88,100
2011,UAB,61.54,101
2011,Ball State,60.53,102
2011,Florida Atlantic,60.49,103
2011,Wyoming,59.82,104
2011,New Mexico,57.85,105
2011,UL Monroe,57.72,106
2011,Miami (OH),57.32,107
2011,Utah State,56.53,108
2011,North Texas,55.16,109
2011,UNLV,53.88,110
2011,Eastern Michigan,53.69,111
2011,Troy,51.83,112
2011,Louisiana Tech,51.59,113
2011,Akron,50.3,114
2011,Nevada,50.28,115
2011,San José State,48.83,116
2011,Idaho,48.78,117
2011,Arkansas State,48.25,118
2011,Kent State,45.57,119
2011,UTEP,35.04,120
2011,New Mexico State,30.13,121
2011,Northern Iowa,28.92,122
2011,Villanova,24.24,123
2011,South Carolina State,18.1,124
2011,Liberty,13.33,125
2011,Harvard,13.29,126
2011,Texas State,12.55,127
2011,Holy Cross,11.46,128
2011,Old Dominion,8.32,129
2011,Massachusetts,6.67,130
2011,UTSA,6.67,131
2011,Bethune-Cookman,5.99,132
2011,App State,4.32,133
2011,Western Carolina,0.0,134
2011,Eastern Illinois,0.0,135
2011,North Dakota State,0.0,136
2011,Indiana State,0.0,137
2012,Alabama,313.12,1
2012,Texas,300.12,2
2012,Florida,290.27,3
2012,Florida State,290.11,4
2012,Ohio State,286.13,5
2012,Michigan,281.12,6
2012,Stanford,275.98,7
2012,USC,274.18,8
2012,Georgia,273.57,9
2012,Miami,268.93,10
2012,Auburn,261.81,11
2012,Oklahoma,255.08,12
2012,LSU,252.55,13
2012,Oregon,251.25,14
2012,South Carolina,248.77,15
2012,Texas A&M,248.67,16
2012,Notre Dame,248.21,17
2012,UCLA,247.77,18
2012,Tennessee,242.81,19
2012,Clemson,241.73,20
2012,Virginia Tech,231.41,21
2012,Mississippi State,227.14,22
2012,Rutgers,226.24,23
2012,Washington,225.52,24
2012,Virginia,223.88,25
2012,Baylor,222.62,26
2012,Arkansas,222.12,27
2012,Texas Tech,220.7,28
2012,TCU,219.37,29
2012,California,217.88,30
2012,Oklahoma State,213.82,31
2012,Nebraska,213.77,32
2012,Missouri,212.4,33
2012,Michigan State,210.77,34
2012,West Virginia,206.7,35
2012,Arizona State,205.33,36
2012,Maryland,204.96,37
2012,Utah,204.91,38
2012,Colorado,203.71,39
2012,Iowa,201.08,40
2012,North Carolina,199.55,41
2012,Arizona,199.26,42
2012,Pittsburgh,198.81,43
2012,Oregon State,195.63,44
2012,Louisville,194.36,45
2012,Vanderbilt,194.25,46
2012,Penn State,192.63,47
2012,Ole Miss,190.69,48
2012,Purdue,188.27,49
2012,Kentucky,187.81,50
2012,Cincinnati,185.26,51
2012,NC State,183.7,52
2012,Georgia Tech,183.42,53
2012,South Florida,181.93,54
2012,Northwestern,178.76,55
2012,Houston,176.32,56
2012,Indiana,175.53,57
2012,Washington State,173.37,58
2012,Minnesota,171.0,59
2012,Syracuse,170.44,60
2012,Boise State,169.1,61
2012,Duke,165.02,62
2012,Illinois,162.09,63
2012,Arkansas State,162.02,64
2012,Wisconsin,160.75,65
2012,Wake Forest,156.07,66
2012,Iowa State,155.41,67
2012,Southern Miss,150.61,68
2012,Boston College,150.03,69
2012,SMU,149.82,70
2012,BYU,148.63,71
2012,UConn,143.96,72
2012,Kansas State,139.67,73
2012,Temple,139.63,74
2012,San Diego State,139.37,75
2012,Toledo,138.36,76
2012,Nevada,135.19,77
2012,Marshall,134.93,78
2012,Florida International,134.46,79
2012,East Carolina,133.06,80
2012,Kansas,128.07,81
2012,Florida Atlantic,125.72,82
2012,Tulane,124.65,83
2012,Hawai'i,124.09,84
2012,Rice,123.63,85
2012,Air Force,121.39,86
2012,Miami (OH),121.01,87
2012,New Mexico State,120.43,88
2012,Tulsa,120.37,89
2012,Central Michigan,120.28,90
2012,Western Michigan,120.13,91
2012,Memphis,116.8,92
2012,Ohio,116.72,93
2012,Bowling Green,115.2,94
2012,New Mexico,113.27,95
2012,UCF,113.11,96
2012,Western Kentucky,111.94,97
2012,Louisiana Tech,111.9,98
2012,Troy,111.64,99
2012,North Texas,108.78,100
2012,UNLV,106.3,101
2012,Kent State,105.08,102
2012,Northern Illinois,104.53,103
2012,San José State,103.14,104
2012,Ball State,103.09,105
2012,UTEP,102.75,106
2012,Louisiana,97.59,107
2012,Eastern Michigan,96.95,108
2012,UAB,96.91,109
2012,Idaho,96.07,110
2012,Utah State,96.05,111
2012,Texas State,94.09,112
2012,South Alabama,93.33,113
2012,Wyoming,92.41,114
2012,Fresno State,89.62,115
2012,UL Monroe,89.23,116
2012,Buffalo,89.13,117
2012,Navy,89.01,118
2012,Middle Tennessee,87.49,119
2012,Colorado State,74.75,120
2012,Akron,70.1,121
2012,UTSA,62.13,122
2012,South Carolina State,58.91,123
2012,James Madison,54.11,124
2012,App State,46.27,125
2012,Army,45.41,126
2012,Old Dominion,40.57,127
2012,Georgia State,28.35,128
2012,Youngstown State,28.33,129
2012,Portland State,26.61,130
2012,Georgia Southern,25.1,131
2012,Eastern Washington,24.65,132
2012,Bethune-Cookman,23.44,133
2012,Liberty,22.63,134
2012,Gardner-Webb,22.12,135
2012,McNeese,21.19,136
2012,Pennsylvania,21.17,137
2012,Massachusetts,19.91,138
2012,Dartmouth,19.37,139
2012,Charlotte,19.34,140
2012,Tennessee State,19.26,141
2012,Yale,18.55,142
2012,Hampton,17.8,143
2012,Northern Iowa,17.64,144
2012,VMI,15.27,146
2012,Wagner,13.76,148
2012,Montana,11.2,149
2012,Lamar,11.11,150
2012,William & Mary,11.07,151
2012,Towson,10.79,152
2012,Coastal Carolina,10.62,153
2012,Southern Illinois,10.61,154
2012,Western Illinois,10.55,155
2012,Lehigh,10.54,156
2012,Chattanooga,10.48,157
2012,Delaware State,10.48,158
2012,Princeton,10.24,159
2012,Southeast Missouri State,9.99,161
2012,Texas Southern,9.93,162
2012,Monmouth,8.39,163
2012,Weber State,7.99,164
2012,Eastern Kentucky,7.49,166
2012,Montana State,7.32,167
2012,Harvard,6.67,169
2012,North Dakota,6.67,170
2012,Grambling,6.67,171
2012,Elon,6.67,172
2012,Cornell,6.67,173
2012,South Dakota State,6.67,174
2012,Northern Colorado,6.67,175
2012,Southern Utah,6.67,176
2012,Columbia,6.67,177
2012,Idaho State,6.5,178
2012,Norfolk State,6.36,179
2012,Presbyterian,5.98,180
2012,North Carolina Central,4.98,181
2012,Western Carolina,4.98,182
2012,Richmond,4.35,183
2012,The Citadel,4.31,184
2012,Central Arkansas,3.98,186
2012,Furman,3.31,187
2012,Cal Poly,2.98,188
2012,Delaware,0.98,189
2013,Alabama,319.5,1
2013,Ohio State,303.35,2
2013,Florida,291.89,3
2013,Michigan,288.74,4
2013,Notre Dame,284.77,5
2013,LSU,281.05,6
2013,UCLA,276.33,7
2013,Ole Miss,275.52,8
2013,Texas A&M,267.75,9
2013,Auburn,267.46,10
2013,Florida State,262.69,11
2013,Georgia,260.38,12
2013,USC,256.44,13
2013,Miami,249.66,14
2013,Clemson,249.66,15
2013,Oklahoma,241.93,16
2013,Texas,234.52,17
2013,Washington,234.2,18
2013,Oregon,227.16,19
2013,South Carolina,224.01,20
2013,Virginia Tech,223.82,21
2013,Nebraska,220.72,22
2013,Arkansas,216.6,23
2013,Mississippi State,214.76,24
2013,Tennessee,214.06,25
2013,Vanderbilt,211.23,26
2013,Baylor,209.23,27
2013,North Carolina,206.42,28
2013,Virginia,201.88,29
2013,West Virginia,201.03,30
2013,Oklahoma State,199.52,31
2013,Pittsburgh,196.04,32
2013,Penn State,195.7,33
2013,Kentucky,195.55,34
2013,TCU,194.83,35
2013,Louisville,194.03,36
2013,Michigan State,193.96,37
2013,Maryland,193.11,38
2013,Arizona State,192.78,39
2013,Wisconsin,191.08,40
2013,California,190.85,41
2013,Indiana,190.33,42
2013,Missouri,189.91,43
2013,Arizona,188.91,44
2013,Oregon State,186.6,45
2013,Texas Tech,182.16,46
2013,Utah,181.27,47
2013,Rutgers,180.79,48
2013,Kansas,180.28,49
2013,Washington State,177.9,50
2013,Illinois,176.35,51
2013,Stanford,175.38,52
2013,Northwestern,174.64,53
2013,South Florida,173.74,54
2013,Boise State,173.51,55
2013,Iowa,171.96,56
2013,Houston,171.4,57
2013,Marshall,170.81,58
2013,NC State,166.04,59
2013,Cincinnati,162.33,60
2013,Purdue,162.05,61
2013,UConn,160.61,62
2013,Iowa State,159.52,63
2013,Kansas State,158.71,64
2013,Wake Forest,153.0,65
2013,BYU,152.55,66
2013,Minnesota,152.11,67
2013,Colorado,151.29,68
2013,San Diego State,151.17,69
2013,Georgia Tech,149.34,70
2013,Duke,148.96,71
2013,SMU,148.4,72
2013,East Carolina,146.66,73
2013,Syracuse,144.37,74
2013,Fresno State,142.76,75
2013,Toledo,141.96,76
2013,Temple,140.29,77
2013,Hawai'i,139.5,78
2013,UCF,139.32,79
2013,Louisiana,138.35,80
2013,Tulsa,138.11,81
2013,Southern Miss,136.46,82
2013,Tulane,133.37,83
2013,Colorado State,132.61,84
2013,Bowling Green,131.36,85
2013,Boston College,126.19,86
2013,Middle Tennessee,125.23,87
2013,Nevada,124.94,88
2013,Louisiana Tech,124.51,89
2013,Memphis,123.56,90
2013,Rice,123.22,91
2013,South Alabama,123.16,92
2013,New Mexico,122.45,93
2013,Texas State,120.48,94
2013,Western Kentucky,120.24,95
2013,Florida Atlantic,119.58,96
2013,UAB,118.27,97
2013,UNLV,117.06,98
2013,Troy,114.51,99
2013,Arkansas State,113.75,100
2013,Massachusetts,112.55,101
2013,Northern Illinois,108.89,102
2013,UTSA,108.72,103
2013,Central Michigan,108.05,104
2013,Ball State,107.69,105
2013,Miami (OH),107.36,106
2013,Air Force,106.74,107
2013,Western Michigan,106.64,108
2013,Utah State,105.41,109
2013,Wyoming,101.61,110
2013,Georgia State,101.05,111
2013,Charlotte,100.75,112
2013,Eastern Michigan,98.58,113
2013,Florida International,98.08,114
2013,Akron,97.64,115
2013,Navy,97.15,116
2013,Ohio,96.79,117
2013,Kent State,95.27,118
2013,North Texas,93.6,119
2013,New Mexico State,92.08,120
2013,UTEP,88.53,121
2013,Old Dominion,87.47,122
2013,San José State,83.62,123
2013,Idaho,80.11,124
2013,App State,78.64,125
2013,UL Monroe,77.32,126
2013,Army,74.07,127
2013,Buffalo,72.53,128
2013,Yale,70.19,129
2013,Harvard,51.51,130
2013,South Carolina State,50.71,131
2013,Tennessee Tech,47.01,132
2013,Samford,46.1,133
2013,Jacksonville State,42.28,134
2013,Georgia Southern,40.99,135
2013,Furman,37.08,136
2013,Coastal Carolina,35.72,137
2013,Chattanooga,34.29,138
2013,Pennsylvania,34.17,139
2013,Murray State,33.47,140
2013,UAlbany,32.8,141
2013,Sacramento State,31.16,142
2013,Tennessee State,30.63,143
2013,Richmond,29.99,144
2013,Central Arkansas,28.88,145
2013,Indiana State,28.73,146
2013,Delaware,28.63,147
2013,Jackson State,28.24,148
2013,Alcorn State,26.36,149
2013,Duquesne,25.58,150
2013,Southern Illinois,25.26,151
2013,Grand Valley State University,24.73,153
2013,Eastern Washington,23.93,154
2013,Bethune-Cookman,23.74,155
2013,Villanova,22.47,156
2013,Montana State,22.21,157
2013,Illinois State,22.06,158
2013,Northern Arizona,21.71,159
2013,Southern,21.62,160
2013,The Citadel,21.42,161
2013,Stephen F. Austin,21.18,162
2013,Austin Peay,21.02,163
2013,Sam Houston,20.96,164
2013,Lehigh,20.11,165
2013,Montana,19.94,166
2013,Stony Brook,19.72,167
2013,Wofford,18.4,168
2013,SE Louisiana,17.21,169
2013,Northern Colorado,16.28,170
2013,McNeese,16.23,171
2013,Florida A&M,15.66,172
2013,Lamar,14.99,173
2013,Jacksonville,14.62,174
2013,VMI,13.93,177
2013,James Madison,13.66,178
2013,Wagner,13.06,179
2013,Houston Christian,12.64,180
2013,Brown,11.99,181
2013,William & Mary,11.99,182
2013,Columbia,10.79,184
2013,South Dakota State,10.0,185
2013,Alabama A&M,9.99,186
2013,Presbyterian,9.99,187
2013,Towson,9.94,188
2013,Colgate,9.83,189
2013,Youngstown State,9.05,192
2013,UC Davis,8.98,193
2013,UT Martin,8.82,194
2013,Fordham,8.51,195
2013,Alabama State,8.12,196
2013,Stetson,7.98,197
2013,Western Carolina,7.83,198
2013,Bucknell,7.79,199
2013,Maine,7.32,200
2013,Portland State,6.81,202
2013,Weber State,6.67,203
2013,Northern Iowa,6.67,204
2013,Grambling,6.67,205
2013,Western Illinois,6.67,206
2013,Southeast Missouri State,6.67,207
2013,North Dakota,6.67,208
2013,South Dakota,6.67,209
2013,Gardner-Webb,5.98,210
2013,Texas Southern,3.33,212
2013,Dartmouth,3.31,213
2013,Elon,1.97,214
2013,Rhode Island,0.0,215
2013,Robert Morris,0.0,216
2013,Georgetown,0.0,217
2013,North Dakota State,0.0,218
2014,Alabama,319.71,1
2014,LSU,299.29,2
2014,Ohio State,296.08,3
2014,Florida State,286.79,4
2014,Texas A&M,278.08,5
2014,Auburn,277.12,6
2014,Tennessee,274.77,7
2014,Georgia,273.39,8
2014,Florida,267.4,9
2014,USC,264.86,10
2014,Notre Dame,260.44,11
2014,Miami,256.08,12
2014,Stanford,250.05,13
2014,Oklahoma,248.94,14
2014,Ole Miss,241.12,15
2014,Clemson,240.73,16
2014,Texas,239.85,17
2014,UCLA,239.74,18
2014,South Carolina,239.33,19
2014,Michigan,233.54,20
2014,Oregon,232.44,21
2014,Kentucky,225.4,22
2014,Arizona State,223.19,23
2014,Penn State,221.35,24
2014,Baylor,218.13,25
2014,Michigan State,217.62,26
2014,Oklahoma State,217.59,27
2014,Virginia Tech,217.39,28
2014,Arkansas,215.5,29
2014,North Carolina,213.58,30
2014,Arizona,213.29,31
2014,Wisconsin,205.44,32
2014,Virginia,205.34,33
2014,NC State,201.31,34
2014,Nebraska,200.24,35
2014,Mississippi State,199.92,36
2014,Missouri,198.53,37
2014,Washington,198.52,38
2014,West Virginia,194.85,39
2014,Texas Tech,191.82,40
2014,Maryland,190.98,41
2014,South Florida,189.74,42
2014,TCU,188.64,43
2014,Pittsburgh,187.66,44
2014,Louisville,183.64,45
2014,Vanderbilt,183.05,46
2014,Northwestern,182.68,47
2014,Indiana,180.46,48
2014,Kansas State,178.29,49
2014,Kansas,177.14,50
2014,Boston College,177.12,51
2014,Syracuse,176.87,52
2014,Washington State,176.62,53
2014,Georgia Tech,175.71,54
2014,California,174.52,55
2014,Rutgers,174.14,56
2014,Minnesota,172.32,57
2014,Iowa,171.84,58
2014,Iowa State,171.65,59
2014,Oregon State,166.96,60
2014,Duke,166.35,61
2014,Marshall,165.64,62
2014,Boise State,163.09,63
2014,BYU,161.71,64
2014,Cincinnati,161.43,65
2014,Utah,160.67,66
2014,Wake Forest,160.4,67
2014,UCF,159.55,68
2014,Temple,156.27,69
2014,Purdue,156.02,70
2014,Western Michigan,153.42,71
2014,Illinois,153.35,72
2014,San Diego State,147.92,73
2014,Colorado,147.9,74
2014,Houston,144.26,75
2014,East Carolina,136.87,76
2014,Old Dominion,136.07,77
2014,Memphis,135.91,78
2014,Tulsa,130.3,79
2014,SMU,128.23,80
2014,Nevada,126.15,81
2014,Southern Miss,125.74,82
2014,San José State,124.98,83
2014,Fresno State,124.42,84
2014,Middle Tennessee,124.03,85
2014,Colorado State,122.77,86
2014,App State,121.25,87
2014,Western Kentucky,121.12,88
2014,Louisiana Tech,119.17,89
2014,Tulane,118.86,90
2014,Rice,117.7,91
2014,Toledo,115.38,92
2014,New Mexico,112.56,93
2014,Florida Atlantic,111.77,94
2014,Arkansas State,111.51,95
2014,Georgia Southern,111.25,96
2014,Texas State,109.9,97
2014,Northern Illinois,109.52,98
2014,Hawai'i,108.34,99
2014,Buffalo,108.06,100
2014,Ball State,107.53,101
2014,Ohio,105.12,102
2014,North Texas,105.0,103
2014,Yale,103.87,104
2014,Georgia State,102.91,105
2014,Bowling Green,102.64,106
2014,Louisiana,102.49,107
2014,Navy,101.9,108
2014,Florida International,100.66,109
2014,UConn,98.31,110
2014,Utah State,97.8,111
2014,Air Force,97.78,112
2014,Akron,97.33,113
2014,UAB,96.13,114
2014,South Alabama,96.08,115
2014,Central Michigan,91.2,116
2014,UNLV,91.15,117
2014,UTEP,89.53,118
2014,Charlotte,89.2,119
2014,Massachusetts,87.9,120
2014,Army,87.22,121
2014,New Mexico State,86.79,122
2014,Kent State,86.65,123
2014,Eastern Michigan,84.89,124
2014,Miami (OH),84.76,125
2014,UL Monroe,84.48,126
2014,UTSA,81.73,127
2014,Wyoming,80.87,128
2014,Idaho,77.86,129
2014,Illinois State,75.99,130
2014,Chattanooga,69.28,131
2014,Troy,64.21,132
2014,Portland State,63.88,133
2014,Northern Arizona,53.85,134
2014,Charleston Southern,48.6,135
2014,Jacksonville State,47.91,136
2014,UAlbany,42.37,138
2014,Southern Illinois,41.96,139
2014,Harvard,41.25,140
2014,South Carolina State,40.82,141
2014,North Dakota State,36.88,142
2014,Stony Brook,35.51,143
2014,Samford,34.42,144
2014,Tennessee Tech,32.99,145
2014,Kennesaw State,32.95,146
2014,Nicholls,32.13,147
2014,Furman,30.83,148
2014,Princeton,30.57,149
2014,Indiana State,30.33,150
2014,Missouri State,28.44,151
2014,UC Davis,27.34,152
2014,Tennessee State,26.59,153
2014,Wofford,26.57,154
2014,Murray State,25.6,155
2014,Austin Peay,25.04,156
2014,Northern Iowa,24.32,157
2014,Eastern Illinois,24.03,158
2014,East Tennessee State,23.78,159
2014,Mercer,23.5,160
2014,Southeast Missouri State,23.39,161
2014,Towson,21.77,162
2014,Bethune-Cookman,20.62,163
2014,Northern Colorado,20.55,164
2014,Delaware,20.34,165
2014,James Madison,20.2,166
2014,Alabama State,20.09,167
2014,Coastal Carolina,19.95,168
2014,Monmouth,19.29,169
2014,Richmond,19.26,170
2014,Fordham,18.92,171
2014,Youngstown State,18.81,173
2014,William & Mary,18.18,174
2014,South Dakota State,17.23,175
2014,Rhode Island,17.0,176
2014,The Citadel,16.76,178
2014,Eastern Washington,16.52,179
2014,Lamar,16.46,180
2014,Lafayette,15.94,181
2014,Central Arkansas,15.73,182
2014,Western Illinois,15.51,183
2014,Holy Cross,15.49,184
2014,SE Louisiana,14.95,185
2014,Savannah St,14.24,187
2014,Jackson State,14.23,188
2014,McNeese,14.19,189
2014,Pennsylvania,13.96,190
2014,Sam Houston,13.29,193
2014,Idaho State,13.29,194
2014,Colgate,13.26,195
2014,Eastern Kentucky,13.24,196
2014,Grambling,13.18,197
2014,Jacksonville,12.94,198
2014,Presbyterian,12.63,199
2014,Villanova,11.66,202
2014,New Hampshire,11.22,203
2014,UT Martin,10.84,206
2014,Western Carolina,10.5,208
2014,Northwestern State,10.04,210
2014,Robert Morris,9.95,211
2014,Delaware State,9.86,212
2014,Houston Christian,9.34,213
2014,Hampton,9.04,214
2014,Georgetown,8.93,216
2014,North Carolina Central,8.89,217
2014,Cornell,8.82,218
2014,Norfolk State,8.64,219
2014,Duquesne,8.32,221
2014,Prairie View A&M,7.93,223
2014,Liberty,7.63,224
2014,Lehigh,7.43,225
2014,North Carolina A&T,6.67,226
2014,Sacramento State,6.67,227
2014,Stephen F. Austin,6.67,228
2014,Cal Poly,6.67,229
2014,Columbia,6.67,230
2014,Elon,6.67,231
2014,Montana State,6.64,232
2014,South Dakota,6.64,233
2014,Maine,6.59,234
2014,Bucknell,6.31,235
2014,Campbell,5.95,236
2014,Howard,3.98,242
2014,Texas Southern,1.97,245
2014,Marist,-0.03,279
2014,St. Francis (PA),-0.03,280
2014,Wagner,-0.03,283
2014,Southern,-0.03,286
2014,Butler,-0.03,287
2014,Florida A&M,-0.03,295
2014,North Dakota,-0.08,300
2014,VMI,-0.09,301
2015,Alabama,311.1,1
2015,USC,310.88,2
2015,Florida State,287.06,3
2015,Tennessee,286.26,4
2015,LSU,284.37,5
2015,Georgia,282.54,6
2015,Ohio State,279.6,7
2015,Auburn,278.31,8
2015,Clemson,277.98,9
2015,Texas,272.49,10
2015,Texas A&M,270.61,11
2015,UCLA,269.68,12
2015,Notre Dame,267.79,13
2015,Penn State,250.0,14
2015,Oklahoma,249.69,15
2015,Oregon,245.79,16
2015,Ole Miss,245.71,17
2015,Mississippi State,237.46,18
2015,Arizona State,232.73,19
2015,South Carolina,230.49,20
2015,Florida,227.46,21
2015,Arkansas,222.51,22
2015,Michigan State,221.77,23
2015,Stanford,220.65,24
2015,Missouri,217.98,25
2015,Washington,215.83,26
2015,Miami,215.49,27
2015,North Carolina,214.05,28
2015,Virginia Tech,212.07,29
2015,Nebraska,211.72,30
2015,NC State,208.69,31
2015,Texas Tech,203.18,32
2015,Louisville,201.4,33
2015,California,198.77,34
2015,West Virginia,198.02,35
2015,Baylor,195.88,36
2015,Michigan,194.82,37
2015,Kentucky,193.19,38
2015,TCU,191.44,39
2015,Oklahoma State,191.28,40
2015,Wisconsin,189.85,41
2015,Washington State,188.41,42
2015,Arizona,186.57,43
2015,Georgia Tech,185.45,44
2015,Utah,183.38,45
2015,Pittsburgh,183.18,46
2015,Maryland,182.31,47
2015,Illinois,181.74,48
2015,Vanderbilt,181.37,49
2015,Virginia,179.92,50
2015,Wake Forest,176.85,51
2015,Duke,175.77,52
2015,Indiana,175.35,53
2015,Kansas State,175.02,54
2015,Northwestern,174.83,55
2015,Rutgers,172.19,56
2015,Syracuse,172.06,57
2015,Boise State,171.68,58
2015,Iowa,169.99,59
2015,Boston College,169.45,60
2015,Oregon State,167.89,61
2015,San José State,167.14,62
2015,Minnesota,167.01,63
2015,Iowa State,166.5,64
2015,BYU,165.06,65
2015,South Florida,163.15,66
2015,Purdue,162.85,67
2015,Cincinnati,162.45,68
2015,Colorado,162.04,69
2015,San Diego State,161.96,70
2015,UCF,160.78,71
2015,Fresno State,155.02,72
2015,Kansas,153.94,73
2015,Miami (OH),150.48,74
2015,Marshall,149.98,75
2015,Western Michigan,147.78,76
2015,Memphis,146.79,77
2015,Louisiana,146.18,78
2015,Florida Atlantic,146.02,79
2015,Temple,143.34,80
2015,SMU,142.99,81
2015,Louisiana Tech,142.32,82
2015,Northern Illinois,138.94,83
2015,Toledo,138.12,84
2015,Georgia Southern,137.18,85
2015,Middle Tennessee,134.77,86
2015,Southern Miss,133.4,87
2015,South Alabama,132.17,88
2015,Houston,131.58,89
2015,Arkansas State,131.45,90
2015,Tulane,128.9,91
2015,Ohio,128.68,92
2015,East Carolina,126.85,93
2015,North Texas,126.6,94
2015,Texas State,124.71,95
2015,Utah State,124.56,96
2015,Central Michigan,123.63,97
2015,Nevada,122.5,98
2015,UConn,120.89,99
2015,Florida International,120.42,100
2015,Rice,120.11,101
2015,Kent State,119.93,102
2015,UTSA,119.88,103
2015,Bowling Green,119.83,104
2015,Ball State,119.7,105
2015,UNLV,119.46,106
2015,Massachusetts,118.12,107
2015,UL Monroe,116.67,108
2015,Tulsa,116.08,109
2015,Old Dominion,115.65,110
2015,Western Kentucky,115.65,111
2015,Navy,114.7,112
2015,Wyoming,114.32,113
2015,App State,112.03,114
2015,Eastern Michigan,110.15,115
2015,New Mexico,110.03,116
2015,Troy,107.58,117
2015,Buffalo,103.21,118
2015,Colorado State,101.72,119
2015,Army,100.83,120
2015,Idaho,98.54,121
2015,Hawai'i,98.16,122
2015,Air Force,98.02,123
2015,Georgia State,90.61,124
2015,New Mexico State,87.78,125
2015,Charlotte,86.91,126
2015,Akron,82.38,127
2015,UTEP,73.03,128
2015,Harvard,67.37,129
2015,Northern Arizona,65.76,130
2015,Chattanooga,63.37,131
2015,North Dakota State,63.16,132
2015,Jacksonville State,59.0,133
2015,Towson,47.49,134
2015,James Madison,46.41,135
2015,Yale,45.08,136
2015,Western Carolina,43.67,137
2015,Stephen F. Austin,41.3,138
2015,UT Martin,39.72,139
2015,UC Davis,39.45,140
2015,Northern Iowa,39.11,141
2015,Liberty,38.13,142
2015,Samford,37.8,143
2015,South Dakota,37.56,145
2015,Southern Illinois,37.12,146
2015,Montana,37.09,147
2015,Southeast Missouri State,36.75,148
2015,South Carolina State,36.33,149
2015,Lafayette,35.89,150
2015,Weber State,35.75,151
2015,Princeton,35.28,152
2015,Austin Peay,35.12,153
2015,Monmouth,35.02,154
2015,Cal Poly,34.98,155
2015,Villanova,34.1,156
2015,William & Mary,33.75,157
2015,South Dakota State,33.71,158
2015,Florida A&M,32.93,159
2015,Furman,32.92,160
2015,Duquesne,32.39,161
2015,Delaware,32.38,162
2015,Illinois State,32.28,163
2015,East Tennessee State,31.28,164
2015,Alcorn State,30.6,165
2015,The Citadel,30.4,166
2015,Wofford,30.13,167
2015,Sam Houston,29.96,168
2015,Western Illinois,28.88,169
2015,Bethune-Cookman,26.73,170
2015,Coastal Carolina,26.71,171
2015,Dartmouth,26.36,172
2015,Colgate,26.17,173
2015,Rhode Island,25.89,174
2015,SE Louisiana,24.51,175
2015,Mercer,23.29,176
2015,Northwestern State,22.92,177
2015,North Dakota,22.25,178
2015,Eastern Washington,22.02,179
2015,Texas Southern,21.52,180
2015,Lehigh,21.25,182
2015,Youngstown State,21.21,183
2015,Central Arkansas,21.06,184
2015,Indiana State,19.63,185
2015,Tennessee Tech,19.23,186
2015,Prairie View A&M,18.14,187
2015,Presbyterian,16.93,188
2015,Gardner-Webb,16.8,189
2015,New Hampshire,16.61,190
2015,Kennesaw State,15.83,193
2015,Richmond,15.69,195
2015,St. Francis (PA),15.51,196
2015,Robert Morris,14.96,197
2015,Cornell,13.69,198
2015,Marist,13.67,199
2015,Northern Colorado,13.33,201
2015,Portland State,13.29,202
2015,Holy Cross,13.29,203
2015,Hampton,12.87,204
2015,Grand Valley State University,12.2,205
2015,Bucknell,11.95,207
2015,North Carolina Central,11.23,208
2015,Charleston Southern,11.13,209
2015,Elon,11.06,210
2015,Eastern Kentucky,11.01,211
2015,McNeese,10.93,213
2015,Valparaiso,10.32,214
2015,Missouri State,10.0,215
2015,Alabama State,9.97,216
2015,Jackson State,9.56,218
2015,Columbia,9.46,219
2015,Murray State,9.32,220
2015,Maine,8.86,223
2015,Idaho State,8.57,224
2015,Norfolk State,7.98,225
2015,Montana State,7.98,226
2015,Stony Brook,7.82,227
2015,Tennessee State,7.57,228
2015,Georgetown,6.92,229
2015,Butler,6.67,230
2015,Sacramento State,6.67,231
2015,Lamar,6.31,233
2015,Southern Utah,5.98,234
2015,Fordham,5.0,235
2015,Delaware State,4.98,236
2015,Mississippi Valley State,3.3,238
2015,Savannah St,0.0,263
2015,UAB,0.0,264
2015,Jacksonville,-0.03,265
2015,Morgan State,-0.03,266
2015,North Carolina A&T,-0.03,267
2015,UAlbany,-0.06,268
2016,Alabama,302.04,1
2016,LSU,295.03,2
2016,Florida State,294.83,3
2016,Ohio State,289.12,4
2016,Ole Miss,281.69,5
2016,Georgia,281.31,6
2016,Texas,280.66,7
2016,Michigan,280.38,8
2016,Auburn,275.14,9
2016,USC,273.71,10
2016,Clemson,271.16,11
2016,Florida,260.96,12
2016,UCLA,259.06,13
2016,Tennessee,253.94,14
2016,Notre Dame,249.43,15
2016,Stanford,245.82,16
2016,Michigan State,239.13,17
2016,Texas A&M,238.94,18
2016,Oklahoma,238.73,19
2016,Penn State,237.79,20
2016,TCU,235.79,21
2016,Miami,231.78,22
2016,Arkansas,219.34,23
2016,Arizona State,217.62,24
2016,South Carolina,216.77,25
2016,Nebraska,216.76,26
2016,Oregon,216.42,27
2016,Mississippi State,211.11,28
2016,Washington,209.87,29
2016,Pittsburgh,209.23,30
2016,California,207.8,31
2016,North Carolina,204.83,32
2016,Duke,204.67,33
2016,Kentucky,204.07,34
2016,Wisconsin,202.85,35
2016,Houston,201.5,36
2016,Utah,200.66,37
2016,Louisville,196.02,38
2016,West Virginia,194.45,39
2016,Baylor,191.99,40
2016,Maryland,190.15,41
2016,Virginia Tech,190.06,42
2016,Missouri,188.37,43
2016,Texas Tech,184.64,44
2016,Oklahoma State,184.33,45
2016,Minnesota,182.22,46
2016,Iowa,181.39,47
2016,Arizona,180.42,48
2016,BYU,177.85,49
2016,NC State,177.67,50
2016,Marshall,176.55,51
2016,Northwestern,174.91,52
2016,Indiana,172.23,53
2016,Vanderbilt,171.54,54
2016,Iowa State,170.58,55
2016,Washington State,169.74,56
2016,Wake Forest,169.4,57
2016,Oregon State,169.17,58
2016,Temple,167.55,59
2016,Georgia Tech,167.13,60
2016,Memphis,165.98,61
2016,Syracuse,165.15,62
2016,Virginia,164.95,63
2016,Rutgers,163.8,64
2016,UCF,162.22,65
2016,South Florida,161.21,66
2016,Western Michigan,160.72,67
2016,Boise State,160.66,68
2016,Colorado,160.42,69
2016,Kansas,159.19,70
2016,UAB,158.61,71
2016,Kansas State,155.49,72
2016,Illinois,153.64,73
2016,Cincinnati,152.74,74
2016,SMU,152.27,75
2016,Colorado State,150.5,76
2016,Georgia Southern,149.4,77
2016,Boston College,146.69,78
2016,East Carolina,146.62,79
2016,Purdue,145.09,80
2016,UNLV,142.78,81
2016,San Diego State,141.93,82
2016,New Mexico,141.76,83
2016,San José State,137.84,84
2016,Fresno State,137.22,85
2016,Massachusetts,136.04,86
2016,South Alabama,134.08,87
2016,Toledo,132.92,88
2016,Florida Atlantic,132.74,89
2016,Arkansas State,132.18,90
2016,Navy,132.07,91
2016,Utah State,130.65,92
2016,Miami (OH),129.79,93
2016,Louisiana Tech,128.91,94
2016,Tulsa,128.52,95
2016,Middle Tennessee,128.26,96
2016,Tulane,127.78,97
2016,Troy,127.73,98
2016,UConn,126.83,99
2016,Southern Miss,126.05,100
2016,Western Kentucky,124.1,101
2016,North Texas,122.36,102
2016,UTSA,120.32,103
2016,Florida International,119.8,104
2016,Nevada,118.76,105
2016,Louisiana,115.83,106
2016,Central Michigan,112.52,107
2016,Hawai'i,111.87,108
2016,App State,111.72,109
2016,Texas State,111.71,110
2016,Bowling Green,111.58,111
2016,Northern Illinois,111.4,112
2016,Ball State,110.91,113
2016,Air Force,110.9,114
2016,Ohio,109.82,115
2016,Wyoming,109.65,116
2016,Army,108.9,117
2016,Buffalo,107.51,118
2016,Charlotte,106.83,119
2016,Old Dominion,106.63,120
2016,Eastern Michigan,102.89,121
2016,Yale,102.29,122
2016,Idaho,101.42,123
2016,UL Monroe,99.51,124
2016,UTEP,99.39,125
2016,Coastal Carolina,97.11,126
2016,Georgia State,96.32,127
2016,New Mexico State,94.49,128
2016,Rice,93.86,129
2016,Columbia,90.67,130
2016,Kent State,82.77,131
2016,Akron,82.29,132
2016,Tennessee State,81.09,133
2016,Stephen F. Austin,79.35,134
2016,Lamar,79.32,135
2016,North Dakota State,77.25,136
2016,Montana,75.88,137
2016,Northern Arizona,75.01,138
2016,Harvard,74.84,139
2016,Sam Houston,69.3,140
2016,UC Davis,69.2,141
2016,Northern Iowa,68.3,142
2016,Austin Peay,67.88,144
2016,Eastern Washington,64.63,145
2016,Samford,64.62,146
2016,Florida A&M,63.31,147
2016,Central Arkansas,62.3,148
2016,South Dakota State,61.31,149
2016,Grand Valley State University,60.25,150
2016,Jacksonville State,58.06,151
2016,Richmond,57.89,152
2016,Northern Colorado,56.31,153
2016,Eastern Kentucky,56.1,154
2016,Bethune-Cookman,56.07,155
2016,James Madison,55.72,156
2016,Southeast Missouri State,55.17,157
2016,Pennsylvania,53.42,158
2016,South Dakota,49.75,159
2016,Tennessee Tech,49.02,160
2016,Weber State,48.18,161
2016,Western Carolina,47.73,162
2016,McNeese,46.78,163
2016,Wofford,46.72,164
2016,Montana State,46.61,165
2016,Youngstown State,46.34,166
2016,Portland State,46.18,167
2016,Rhode Island,46.14,168
2016,Idaho State,45.42,169
2016,Furman,45.22,170
2016,Murray State,42.71,171
2016,Dartmouth,42.51,172
2016,Princeton,42.21,173
2016,Nicholls,41.98,174
2016,SE Louisiana,40.99,175
2016,Indiana State,39.37,176
2016,Southern Utah,38.01,177
2016,Lehigh,37.73,178
2016,Towson,37.47,179
2016,Liberty,35.65,180
2016,Northwestern State,35.3,181
2016,Illinois State,34.92,182
2016,Chattanooga,34.03,183
2016,Delaware,32.74,184
2016,Jackson State,31.8,185
2016,Villanova,30.97,186
2016,Mercer,29.96,187
2016,Prairie View A&M,29.53,188
2016,Cal Poly,29.43,189
2016,Gardner-Webb,29.25,190
2016,William & Mary,27.71,191
2016,South Carolina State,27.65,192
2016,Missouri State,27.34,193
2016,Southern,26.44,194
2016,Alabama State,26.02,195
2016,Alcorn State,25.55,196
2016,Stony Brook,25.36,197
2016,UAlbany,25.3,198
2016,Eastern Illinois,25.15,199
2016,North Carolina Central,24.82,200
2016,Charleston Southern,24.29,201
2016,Savannah St,24.24,202
2016,North Dakota,21.96,203
2016,Robert Morris,21.06,204
2016,San Diego,20.91,205
2016,VMI,20.11,206
2016,Kennesaw State,20.0,207
2016,Georgetown,19.96,208
2016,Delaware State,19.92,209
2016,Bucknell,19.13,210
2016,Fordham,19.12,211
2016,Holy Cross,18.82,213
2016,Presbyterian,17.72,215
2016,Norfolk State,16.68,216
2016,Southern Illinois,16.63,217
2016,Hampton,15.61,218
2016,Elon,15.61,219
2016,Morehead State,15.51,220
2016,Colgate,15.51,221
2016,New Hampshire,14.63,222
2016,North Carolina A&T,14.61,223
2016,Lafayette,14.44,224
2016,Sacred Heart,12.5,231
2016,Cornell,12.21,232
2016,UT Martin,11.94,233
2016,Western Illinois,11.29,234
2016,Brown,10.69,236
2016,Houston Christian,9.95,239
2016,Monmouth,8.82,241
2016,Alabama A&M,8.42,242
2016,The Citadel,7.67,243
2016,Campbell,6.67,244
2016,Morgan State,6.67,246
2016,Texas Southern,6.67,248
2016,Central Connecticut,6.67,256
2016,Drake,5.31,259
2016,Wagner,0.0,261
2016,Howard,-0.03,285
2016,Maine,-0.11,286
2017,Alabama,323.87,1
2017,Ohio State,312.14,2
2017,Georgia,301.6,3
2017,USC,297.1,4
2017,Michigan,296.03,5
2017,Florida State,292.88,6
2017,LSU,287.66,7
2017,Oklahoma,270.79,8
2017,Auburn,255.92,9
2017,Notre Dame,251.32,10
2017,Florida,251.23,11
2017,Miami,248.67,12
2017,Texas A&M,248.58,13
2017,Stanford,246.79,14
2017,Penn State,240.47,15
2017,Clemson,238.91,16
2017,Tennessee,237.21,17
2017,Maryland,230.17,18
2017,Oregon,230.04,19
2017,UCLA,229.13,20
2017,South Carolina,227.58,21
2017,Washington,224.74,22
2017,Nebraska,224.33,23
2017,Mississippi State,220.22,24
2017,Texas,217.76,25
2017,Virginia Tech,217.74,26
2017,Arkansas,212.74,27
2017,TCU,210.03,28
2017,North Carolina,207.81,29
2017,Kentucky,207.73,30
2017,Ole Miss,207.63,31
2017,Arizona State,206.68,32
2017,Utah,205.78,33
2017,Louisville,205.15,34
2017,Colorado,203.78,35
2017,Michigan State,203.65,36
2017,Pittsburgh,202.12,37
2017,Oklahoma State,194.18,38
2017,Wisconsin,193.87,39
2017,Baylor,193.36,40
2017,Iowa,191.44,41
2017,Rutgers,189.01,42
2017,Missouri,187.71,43
2017,Washington State,186.45,44
2017,Arizona,185.88,45
2017,Illinois,185.24,46
2017,Duke,184.46,47
2017,Georgia Tech,184.4,48
2017,Texas Tech,183.07,49
2017,Northwestern,182.07,50
2017,Oregon State,181.32,51
2017,Iowa State,180.53,52
2017,NC State,180.46,53
2017,Syracuse,180.08,54
2017,UCF,178.34,55
2017,Memphis,177.6,56
2017,West Virginia,174.68,57
2017,Virginia,172.5,58
2017,Minnesota,171.42,59
2017,Florida Atlantic,171.18,60
2017,Kansas State,169.37,61
2017,Indiana,167.99,62
2017,Cincinnati,167.8,63
2017,Boise State,167.43,64
2017,Vanderbilt,167.42,65
2017,BYU,167.37,66
2017,Boston College,162.61,67
2017,Wake Forest,161.99,68
2017,Houston,160.34,69
2017,California,159.53,70
2017,Kansas,159.35,71
2017,Purdue,158.89,72
2017,Colorado State,158.09,73
2017,Southern Miss,152.71,74
2017,UTSA,151.48,75
2017,South Florida,150.65,76
2017,San Diego State,149.69,77
2017,Toledo,146.6,78
2017,East Carolina,144.55,79
2017,SMU,140.4,80
2017,Bowling Green,138.14,81
2017,Western Kentucky,138.03,82
2017,Florida International,137.75,83
2017,Fresno State,137.74,84
2017,Tulsa,135.07,85
2017,Hawai'i,133.96,86
2017,Marshall,132.84,87
2017,Navy,131.73,88
2017,Western Michigan,129.94,89
2017,Ball State,128.8,90
2017,Middle Tennessee,128.1,91
2017,Texas State,127.89,92
2017,Central Michigan,127.4,93
2017,Miami (OH),126.73,94
2017,Nevada,125.03,95
2017,Troy,123.9,96
2017,Northern Illinois,122.74,97
2017,San José State,122.11,98
2017,Wyoming,122.05,99
2017,Louisiana Tech,121.72,100
2017,UConn,121.64,101
2017,UL Monroe,121.55,102
2017,Ohio,120.83,103
2017,Utah State,120.0,104
2017,Georgia State,119.23,105
2017,Georgia Southern,118.78,106
2017,App State,116.78,107
2017,UAB,115.95,108
2017,Air Force,115.88,109
2017,Massachusetts,115.82,110
2017,Arkansas State,114.91,111
2017,Tulane,114.66,112
2017,Buffalo,112.97,113
2017,Charlotte,111.82,114
2017,North Texas,111.16,115
2017,South Alabama,110.24,116
2017,UNLV,109.9,117
2017,New Mexico,109.85,118
2017,Temple,108.13,119
2017,Army,106.37,120
2017,Louisiana,104.33,121
2017,Rice,101.12,122
2017,Eastern Michigan,100.97,123
2017,Old Dominion,99.41,124
2017,Harvard,99.16,125
2017,Coastal Carolina,96.51,126
2017,Yale,95.54,127
2017,Kent State,94.88,128
2017,New Mexico State,94.57,129
2017,Eastern Washington,92.82,130
2017,Akron,88.91,131
2017,Austin Peay,88.84,132
2017,UTEP,85.51,133
2017,Idaho,83.36,134
2017,North Dakota State,82.65,135
2017,Grand Valley State University,79.98,136
2017,Southern Illinois,79.79,137
2017,Mercer,79.49,138
2017,Pennsylvania,79.22,139
2017,Northern Arizona,77.63,140
2017,Villanova,73.85,141
2017,Eastern Kentucky,73.32,142
2017,Montana State,71.96,143
2017,South Dakota State,70.87,144
2017,Sam Houston,69.78,145
2017,South Dakota,69.54,146
2017,James Madison,67.71,147
2017,Jacksonville State,66.06,148
2017,Weber State,64.24,149
2017,Chattanooga,60.61,151
2017,Delaware,58.54,152
2017,Stephen F. Austin,56.96,153
2017,Southern Utah,56.45,154
2017,Princeton,56.04,155
2017,Illinois State,54.55,156
2017,UC Davis,54.27,157
2017,North Dakota,53.96,158
2017,Stony Brook,51.96,159
2017,Kennesaw State,51.87,160
2017,Texas Southern,51.76,161
2017,Savannah St,49.86,162
2017,UT Martin,49.44,163
2017,Montana,48.96,164
2017,Northern Colorado,47.94,165
2017,Lamar,47.23,166
2017,Columbia,43.63,167
2017,Monmouth,40.88,168
2017,Tennessee State,40.82,169
2017,Lafayette,40.25,170
2017,Liberty,40.17,171
2017,William & Mary,39.61,172
2017,Portland State,37.83,173
2017,Brown,37.71,174
2017,Western Illinois,36.02,176
2017,Dartmouth,35.05,177
2017,Houston Christian,34.26,178
2017,Southeast Missouri State,33.67,179
2017,Prairie View A&M,33.37,180
2017,Cornell,32.15,181
2017,Missouri State,32.02,182
2017,Sacramento State,31.33,183
2017,McNeese,31.02,184
2017,Holy Cross,30.54,185
2017,Tennessee Tech,30.13,186
2017,The Citadel,29.98,187
2017,Jackson State,28.73,188
2017,Western Carolina,28.39,189
2017,East Tennessee State,27.81,190
2017,Howard,27.75,191
2017,Northern Iowa,26.77,192
2017,North Carolina Central,26.67,193
2017,Alcorn State,25.22,195
2017,Fordham,24.95,196
2017,Indiana State,24.61,197
2017,Lehigh,24.26,198
2017,Youngstown State,24.07,199
2017,Richmond,22.7,200
2017,Alabama A&M,21.83,201
2017,Northwestern State,21.78,202
2017,Samford,21.72,203
2017,UAlbany,20.4,204
2017,Towson,18.5,205
2017,Florida A&M,18.09,206
2017,Wofford,17.5,207
2017,Morgan State,15.74,209
2017,Charleston Southern,15.53,210
2017,Stetson,15.21,211
2017,St. Francis (PA),14.94,212
2017,Cal Poly,14.46,213
2017,New Hampshire,13.6,215
2017,Southern,12.97,218
2017,Furman,12.6,219
2017,Delaware State,11.65,221
2017,Campbell,11.39,222
2017,Murray State,10.99,223
2017,Dayton,10.68,224
2017,Maine,10.24,226
2017,Colgate,10.05,227
2017,South Carolina State,9.98,228
2017,SE Louisiana,9.03,232
2017,Idaho State,8.17,234
2017,Bethune-Cookman,7.76,235
2017,Central Arkansas,7.63,236
2017,VMI,6.81,238
2017,Eastern Illinois,6.67,242
2017,Marist,6.67,243
2017,Elon,6.67,245
2017,San Diego,6.67,246
2017,Nicholls,6.67,249
2017,Sacred Heart,5.92,251
2017,Morehead State,5.81,252
2017,North Carolina A&T,2.97,256
2017,Gardner-Webb,1.97,257
2018,Georgia,323.31,1
2018,Ohio State,317.06,2
2018,Texas,300.06,3
2018,USC,291.2,4
2018,Alabama,289.94,5
2018,Penn State,285.92,6
2018,Clemson,283.67,7
2018,Miami,280.87,8
2018,Oklahoma,276.62,9
2018,Notre Dame,268.86,10
2018,Florida State,265.42,11
2018,Auburn,262.77,12
2018,Oregon,260.22,13
2018,Florida,259.56,14
2018,LSU,254.38,15
2018,Washington,253.23,16
2018,Texas A&M,251.2,17
2018,South Carolina,242.04,18
2018,UCLA,237.77,19
2018,North Carolina,232.27,20
2018,Tennessee,231.34,21
2018,Michigan,230.56,22
2018,Nebraska,227.95,23
2018,Virginia Tech,226.01,24
2018,TCU,224.13,25
2018,NC State,220.57,26
2018,Mississippi State,218.47,27
2018,Maryland,218.34,28
2018,Baylor,215.02,29
2018,Louisville,213.58,30
2018,Michigan State,212.21,31
2018,Ole Miss,211.49,32
2018,Utah,209.95,33
2018,Oklahoma State,209.93,34
2018,West Virginia,208.32,35
2018,Arizona State,207.26,36
2018,Kentucky,206.91,37
2018,Minnesota,206.66,38
2018,Iowa,203.34,39
2018,Stanford,202.29,40
2018,Vanderbilt,202.04,41
2018,California,197.41,42
2018,Missouri,197.38,43
2018,Georgia Tech,196.94,44
2018,Wisconsin,195.04,45
2018,Washington State,194.84,46
2018,Pittsburgh,193.19,47
2018,Cincinnati,192.64,48
2018,Arkansas,192.11,49
2018,Indiana,190.77,50
2018,Syracuse,189.14,51
2018,Purdue,188.31,52
2018,Colorado,187.11,53
2018,Illinois,185.83,54
2018,Iowa State,185.19,55
2018,Rutgers,184.28,56
2018,Boise State,183.46,57
2018,Northwestern,180.18,58
2018,Virginia,178.6,59
2018,Kansas,178.59,60
2018,Arizona,178.03,61
2018,UCF,177.05,62
2018,Duke,176.85,63
2018,Wake Forest,176.31,64
2018,South Florida,176.25,65
2018,Kansas State,175.65,66
2018,Toledo,174.0,67
2018,Tulane,173.75,68
2018,Florida International,173.58,69
2018,Oregon State,173.14,70
2018,Boston College,172.47,71
2018,Texas Tech,169.87,72
2018,Houston,166.86,73
2018,Marshall,165.85,74
2018,Florida Atlantic,163.9,75
2018,Western Michigan,163.69,76
2018,Louisiana Tech,162.18,77
2018,BYU,160.52,78
2018,San Diego State,159.56,79
2018,Southern Miss,157.89,80
2018,Memphis,157.28,81
2018,Nevada,155.96,82
2018,Temple,155.39,83
2018,Western Kentucky,154.77,84
2018,UTSA,152.98,85
2018,Colorado State,152.79,86
2018,SMU,151.67,87
2018,Arkansas State,148.03,88
2018,East Carolina,147.43,89
2018,Georgia Southern,146.64,90
2018,Bowling Green,144.03,91
2018,Fresno State,141.73,92
2018,Northern Illinois,141.69,93
2018,San José State,140.86,94
2018,Georgia State,140.45,95
2018,Hawai'i,138.46,96
2018,Tulsa,137.25,97
2018,Troy,136.65,98
2018,UNLV,131.08,99
2018,Kent State,127.72,100
2018,North Texas,127.14,101
2018,UConn,125.87,102
2018,UAB,125.49,103
2018,Middle Tennessee,125.31,104
2018,Louisiana,124.91,105
2018,Navy,124.71,106
2018,Texas State,124.24,107
2018,Massachusetts,123.66,108
2018,Utah State,123.61,109
2018,Eastern Michigan,121.54,110
2018,Charlotte,120.43,111
2018,Rice,120.42,112
2018,App State,120.2,113
2018,Coastal Carolina,120.13,114
2018,South Alabama,120.03,115
2018,Princeton,119.03,116
2018,Army,118.69,117
2018,UL Monroe,116.57,118
2018,Ball State,115.57,119
2018,Central Michigan,111.22,120
2018,Ohio,110.94,121
2018,Air Force,110.51,122
2018,Yale,110.5,123
2018,New Mexico,110.31,124
2018,New Mexico State,109.3,125
2018,Wyoming,109.14,126
2018,Akron,108.81,127
2018,Old Dominion,108.27,128
2018,UTEP,105.24,129
2018,Miami (OH),103.16,130
2018,Montana State,95.13,131
2018,Idaho,90.2,132
2018,Austin Peay,88.36,133
2018,North Dakota State,86.92,134
2018,Harvard,82.06,135
2018,Buffalo,81.31,136
2018,Liberty,80.33,137
2018,Mercer,80.23,138
2018,Chattanooga,80.04,139
2018,Eastern Washington,75.03,140
2018,Eastern Kentucky,73.04,141
2018,Jacksonville State,72.9,142
2018,Southern Illinois,69.52,143
2018,Tennessee Tech,60.57,144
2018,UT Martin,58.52,145
2018,Pennsylvania,57.03,146
2018,Kennesaw State,52.74,147
2018,Stephen F. Austin,50.86,148
2018,Grambling,44.91,149
2018,Southern Utah,44.53,150
2018,Columbia,42.38,151
2018,Lamar,41.65,152
2018,UC Davis,39.09,153
2018,Alcorn State,38.0,154
2018,Central Arkansas,37.36,155
2018,Howard,34.71,156
2018,Tennessee State,34.68,157
2018,Furman,34.46,158
2018,Sacramento State,33.19,159
2018,Weber State,31.5,160
2018,Stony Brook,31.48,161
2018,Montana,30.84,162
2018,Illinois State,30.7,163
2018,North Dakota,30.23,164
2018,Western Carolina,28.54,165
2018,Murray State,28.3,166
2018,Fordham,27.25,168
2018,Grand Valley State University,27.19,169
2018,James Madison,26.73,171
2018,Dartmouth,25.43,172
2018,Sam Houston,25.16,173
2018,Youngstown State,25.11,174
2018,The Citadel,24.53,175
2018,Houston Christian,24.06,176
2018,Gardner-Webb,23.2,177
2018,Prairie View A&M,22.85,178
2018,Idaho State,21.73,179
2018,Lafayette,20.12,180
2018,Sacred Heart,19.08,182
2018,Missouri State,17.93,183
2018,South Dakota,17.69,184
2018,Campbell,17.51,185
2018,Western Illinois,16.91,186
2018,Villanova,16.91,187
2018,Bethune-Cookman,16.91,188
2018,Northern Iowa,16.88,189
2018,Portland State,16.74,190
2018,Duquesne,16.59,191
2018,Texas Southern,16.3,192
2018,Holy Cross,16.26,193
2018,Alabama State,15.57,194
2018,Samford,15.4,195
2018,Charleston Southern,15.0,196
2018,Northwestern State,14.69,197
2018,Northern Arizona,14.61,198
2018,McNeese,14.46,199
2018,North Carolina A&T,14.16,200
2018,Rhode Island,12.15,203
2018,Lehigh,11.91,204
2018,Elon,11.15,206
2018,Butler,11.15,207
2018,William & Mary,11.15,208
2018,SE Louisiana,11.11,209
2018,Towson,10.92,210
2018,Savannah St,10.04,211
2018,Mississippi Valley State,9.53,213
2018,Florida A&M,9.03,214
2018,Morgan State,8.95,215
2018,Wofford,8.91,217
2018,Jacksonville,8.89,218
2018,East Tennessee State,8.53,219
2018,Richmond,8.42,221
2018,Southeast Missouri State,8.02,222
2018,Monmouth,7.98,223
2018,New Hampshire,7.98,224
2018,Delaware,7.98,225
2018,Alabama A&M,7.98,226
2018,VMI,7.98,227
2018,Colgate,6.98,229
2018,Brown,6.41,232
2018,Cal Poly,5.97,233
2018,Morehead State,5.8,235
2018,South Dakota State,4.97,237
2018,Wagner,4.97,238
2018,Indiana State,4.93,239
2018,Eastern Illinois,3.97,240
2018,South Carolina State,3.97,241
2018,Drake,0.97,245
2018,Cornell,-0.04,278
2019,Alabama,317.5,1
2019,Georgia,309.12,2
2019,Texas,287.69,3
2019,Texas A&M,285.46,4
2019,LSU,284.06,5
2019,Oklahoma,279.28,6
2019,Oregon,277.98,7
2019,Michigan,277.15,8
2019,Florida,276.85,9
2019,Clemson,275.55,10
2019,Auburn,271.94,11
2019,Penn State,270.67,12
2019,Tennessee,269.07,13
2019,Ohio State,261.18,14
2019,Washington,259.19,15
2019,Notre Dame,258.56,16
2019,South Carolina,247.26,17
2019,Nebraska,245.1,18
2019,Florida State,244.31,19
2019,USC,243.51,20
2019,Stanford,242.58,21
2019,Ole Miss,238.11,22
2019,Arkansas,237.17,23
2019,Mississippi State,236.6,24
2019,Purdue,224.72,25
2019,Virginia Tech,224.01,26
2019,Miami,222.07,27
2019,Arizona State,219.76,28
2019,Wisconsin,219.51,29
2019,North Carolina,218.57,30
2019,NC State,217.29,31
2019,Michigan State,215.21,32
2019,TCU,210.62,33
2019,Kentucky,203.49,34
2019,Baylor,203.39,35
2019,Indiana,202.63,36
2019,Missouri,202.13,37
2019,Oklahoma State,202.09,38
2019,Virginia,200.89,39
2019,UCLA,199.61,40
2019,Iowa,199.36,41
2019,Utah,196.61,42
2019,California,196.48,43
2019,Colorado,194.55,44
2019,Minnesota,194.48,45
2019,Iowa State,192.25,46
2019,Maryland,192.18,47
2019,West Virginia,191.83,48
2019,Duke,191.38,49
2019,Boise State,189.93,50
2019,Georgia Tech,188.28,51
2019,Northwestern,188.14,52
2019,Illinois,184.37,53
2019,Arizona,182.67,54
2019,Syracuse,182.67,55
2019,Vanderbilt,182.42,56
2019,Wake Forest,182.26,57
2019,Pittsburgh,181.53,58
2019,UCF,179.69,59
2019,Florida Atlantic,178.99,60
2019,Texas Tech,177.69,61
2019,Kansas State,177.4,62
2019,Boston College,177.26,63
2019,Rutgers,174.33,64
2019,Washington State,174.14,65
2019,Oregon State,172.88,66
2019,Memphis,172.4,67
2019,SMU,167.28,68
2019,Louisville,165.93,69
2019,Kansas,165.84,70
2019,Marshall,165.42,71
2019,Houston,165.39,72
2019,Toledo,162.01,73
2019,UAB,160.48,74
2019,North Texas,158.78,75
2019,Louisiana,158.45,76
2019,South Florida,158.44,77
2019,East Carolina,158.4,78
2019,Cincinnati,158.17,79
2019,Troy,157.59,80
2019,BYU,156.76,81
2019,Southern Miss,156.39,82
2019,Louisiana Tech,155.46,83
2019,Colorado State,155.22,84
2019,Middle Tennessee,154.43,85
2019,Western Kentucky,153.89,86
2019,Fresno State,153.5,87
2019,Florida International,152.57,88
2019,Miami (OH),151.13,89
2019,Utah State,149.92,90
2019,San Diego State,149.19,91
2019,Western Michigan,148.7,92
2019,Nevada,145.27,93
2019,Tulane,144.82,94
2019,Arkansas State,143.36,95
2019,UTSA,142.31,96
2019,Wyoming,140.75,97
2019,Georgia State,140.37,98
2019,Army,139.75,99
2019,UNLV,139.57,100
2019,App State,139.0,101
2019,Kent State,138.12,102
2019,Ohio,138.11,103
2019,Central Michigan,137.96,104
2019,Temple,136.56,105
2019,Buffalo,134.64,106
2019,Air Force,134.5,107
2019,Northern Illinois,134.16,108
2019,Tulsa,133.88,109
2019,Portland State,132.85,110
2019,Rice,132.03,111
2019,UTEP,131.98,112
2019,Massachusetts,130.79,113
2019,Akron,130.23,114
2019,Hawai'i,129.53,115
2019,Old Dominion,128.31,116
2019,UConn,127.68,117
2019,San José State,127.53,118
2019,New Mexico,126.28,119
2019,New Mexico State,125.55,120
2019,Georgia Southern,125.24,121
2019,Coastal Carolina,125.06,122
2019,Eastern Michigan,124.99,123
2019,Navy,124.39,124
2019,Ball State,122.89,125
2019,South Alabama,122.8,126
2019,Harvard,121.09,127
2019,UL Monroe,119.38,128
2019,Bowling Green,115.37,129
2019,Princeton,115.29,130
2019,Stephen F. Austin,113.58,131
2019,Charlotte,112.69,132
2019,Texas State,111.1,133
2019,Yale,110.17,134
2019,Liberty,108.39,135
2019,Central Arkansas,106.84,136
2019,Idaho,99.19,137
2019,Eastern Washington,94.76,138
2019,Mercer,92.53,139
2019,Eastern Kentucky,90.32,140
2019,UC Davis,90.14,141
2019,North Dakota State,86.93,142
2019,Northern Arizona,84.4,144
2019,Jacksonville State,79.23,145
2019,Idaho State,72.23,146
2019,James Madison,70.12,147
2019,Montana,69.85,148
2019,Illinois State,69.17,149
2019,Kennesaw State,69.12,150
2019,Montana State,66.92,151
2019,Western Carolina,65.38,152
2019,Northern Iowa,62.42,153
2019,Southern Utah,58.28,155
2019,Texas Southern,56.43,156
2019,UT Martin,55.08,157
2019,Pennsylvania,54.99,158
2019,Murray State,54.92,159
2019,Dartmouth,54.85,160
2019,Holy Cross,51.84,161
2019,Southern,51.2,162
2019,Sam Houston,48.49,163
2019,Houston Christian,47.53,164
2019,Austin Peay,46.22,165
2019,Georgetown,45.58,166
2019,Howard,43.12,168
2019,Grand Valley State University,41.63,169
2019,McNeese,39.93,170
2019,Weber State,39.26,171
2019,Eastern Illinois,37.39,173
2019,Lamar,35.77,175
2019,Delaware,35.61,176
2019,Richmond,35.42,177
2019,Chattanooga,34.93,178
2019,Cal Poly,34.79,179
2019,Furman,34.69,180
2019,Nicholls,33.85,181
2019,Tennessee State,33.09,183
2019,East Tennessee State,32.91,184
2019,New Hampshire,32.54,185
2019,Fordham,32.49,186
2019,Indiana State,32.33,187
2019,Morgan State,31.01,188
2019,Villanova,30.97,189
2019,Wofford,30.95,190
2019,Prairie View A&M,30.85,191
2019,SE Louisiana,30.71,192
2019,Sacramento State,29.38,193
2019,Southern Illinois,29.2,194
2019,North Dakota,27.5,196
2019,Northern Colorado,27.42,197
2019,San Diego,27.37,198
2019,North Carolina Central,24.99,199
2019,South Dakota,24.59,200
2019,Southeast Missouri State,24.44,201
2019,Stony Brook,24.3,202
2019,Maine,22.07,205
2019,Alcorn State,21.58,206
2019,Missouri State,21.02,207
2019,Rhode Island,20.03,210
2019,North Carolina A&T,19.69,211
2019,Northwestern State,19.61,212
2019,Samford,18.9,213
2019,South Dakota State,17.82,214
2019,The Citadel,17.36,216
2019,Arkansas-Pine Bluff,16.4,218
2019,Elon,16.08,220
2019,William & Mary,15.95,221
2019,Bucknell,14.96,222
2019,Youngstown State,13.33,225
2019,Colgate,13.03,226
2019,Monmouth,11.98,228
2019,Alabama A&M,11.61,229
2019,Bethune-Cookman,11.54,230
2019,Hampton,11.0,231
2019,Grambling,10.64,232
2019,Florida A&M,9.93,234
2019,Charleston Southern,9.03,235
2019,UAlbany,8.92,236
2019,Lafayette,8.42,237
2019,Alabama State,7.97,238
2019,Duquesne,7.52,240
2019,Gardner-Webb,6.3,241
2019,Tennessee Tech,4.96,247
2020,Georgia,313.34,1
2020,Alabama,310.44,2
2020,Clemson,309.73,3
2020,LSU,300.54,4
2020,Ohio State,295.08,5
2020,Texas A&M,289.49,6
2020,Auburn,274.6,7
2020,Florida,272.99,8
2020,Texas,270.93,9
2020,Tennessee,261.5,10
2020,Oklahoma,259.6,11
2020,Oregon,259.49,12
2020,Miami,256.71,13
2020,Michigan,256.34,14
2020,Penn State,256.05,15
2020,Washington,252.35,16
2020,Notre Dame,251.45,17
2020,South Carolina,250.12,18
2020,North Carolina,246.65,19
2020,Nebraska,240.27,20
2020,Stanford,238.62,21
2020,Florida State,238.41,22
2020,Kentucky,229.87,23
2020,Arizona State,229.47,24
2020,Wisconsin,225.54,25
2020,Georgia Tech,222.73,26
2020,Mississippi State,220.24,27
2020,TCU,215.88,28
2020,Utah,212.32,29
2020,Arkansas,212.16,30
2020,Maryland,209.67,31
2020,UCLA,208.42,32
2020,Purdue,208.38,33
2020,Ole Miss,204.07,34
2020,Iowa,203.81,35
2020,Colorado,203.17,36
2020,West Virginia,199.77,37
2020,Minnesota,199.35,38
2020,California,198.0,39
2020,Cincinnati,194.95,40
2020,NC State,194.78,41
2020,Louisville,194.46,42
2020,Michigan State,193.32,43
2020,Pittsburgh,192.65,44
2020,Oklahoma State,192.35,45
2020,Iowa State,190.9,46
2020,Northwestern,190.69,47
2020,Virginia,185.57,48
2020,Texas Tech,183.17,49
2020,Missouri,182.85,50
2020,Kansas State,182.46,51
2020,Vanderbilt,182.21,52
2020,Oregon State,182.12,53
2020,Baylor,181.12,54
2020,USC,181.01,55
2020,Washington State,179.28,56
2020,Kansas,178.97,57
2020,Indiana,177.39,58
2020,Syracuse,175.88,59
2020,Wake Forest,173.82,60
2020,Duke,171.72,61
2020,Arizona,170.89,62
2020,Boston College,170.36,63
2020,Rutgers,170.14,64
2020,Boise State,167.92,65
2020,Tulane,165.84,66
2020,Memphis,165.67,67
2020,North Texas,164.56,68
2020,Toledo,164.2,69
2020,East Carolina,163.06,70
2020,UCF,162.97,71
2020,Virginia Tech,162.89,72
2020,Florida Atlantic,162.51,73
2020,Florida International,162.27,74
2020,Louisiana Tech,162.08,75
2020,Southern Miss,161.52,76
2020,UNLV,160.84,77
2020,BYU,159.91,78
2020,Louisiana,158.34,79
2020,Western Kentucky,157.37,80
2020,SMU,156.95,81
2020,Houston,155.32,82
2020,App State,154.59,83
2020,Troy,154.47,84
2020,Bowling Green,154.4,85
2020,Western Michigan,153.11,86
2020,Illinois,152.9,87
2020,Charlotte,152.55,88
2020,Miami (OH),150.61,89
2020,Middle Tennessee,150.6,90
2020,Northern Illinois,149.69,91
2020,Arkansas State,148.75,92
2020,Rice,147.7,93
2020,Old Dominion,146.75,94
2020,Liberty,146.5,95
2020,Marshall,146.14,96
2020,Temple,145.3,97
2020,Georgia Southern,145.22,98
2020,Texas State,145.19,99
2020,Massachusetts,145.02,100
2020,South Florida,142.97,101
2020,Colorado State,142.8,102
2020,UAB,142.57,103
2020,San Diego State,142.57,104
2020,UTSA,142.53,105
2020,New Mexico,142.34,106
2020,Air Force,142.11,107
2020,Kent State,141.52,108
2020,South Alabama,140.54,109
2020,Georgia State,140.52,110
2020,Army,139.43,111
2020,Tulsa,138.25,112
2020,Wyoming,138.13,113
2020,San José State,137.42,114
2020,Eastern Michigan,136.77,115
2020,Coastal Carolina,136.61,116
2020,Utah State,134.5,117
2020,UConn,134.27,118
2020,Nevada,132.46,119
2020,UL Monroe,132.3,120
2020,Fresno State,131.51,121
2020,Ball State,131.5,122
2020,Central Michigan,130.86,123
2020,Princeton,129.51,124
2020,Akron,129.48,125
2020,Navy,128.76,126
2020,Hawai'i,124.35,127
2020,Eastern Washington,117.96,128
2020,Ohio,116.96,129
2020,Buffalo,114.94,130
2020,UTEP,114.47,131
2020,New Mexico State,108.54,132
2020,Montana State,101.69,133
2020,Idaho,96.43,134
2020,Cal Poly,94.88,135
2020,UC Davis,93.33,136
2020,Sacramento State,89.88,137
2020,Northern Arizona,86.06,139
2020,Harvard,77.67,140
2020,North Dakota State,77.43,141
2020,Stephen F. Austin,77.21,142
2020,Villanova,69.37,145
2020,Northern Iowa,69.28,146
2020,Yale,66.61,147
2020,Dartmouth,64.97,148
2020,Columbia,62.05,149
2020,Central Arkansas,61.89,150
2020,Eastern Kentucky,60.5,151
2020,Rhode Island,57.83,152
2020,Illinois State,56.34,153
2020,Kennesaw State,55.15,154
2020,Montana,51.3,155
2020,Pennsylvania,50.08,157
2020,Furman,43.15,158
2020,Eastern Illinois,42.77,159
2020,Portland State,41.99,161
2020,Holy Cross,41.97,162
2020,Georgetown,40.93,163
2020,Missouri State,39.43,164
2020,Idaho State,39.12,165
2020,Elon,36.99,166
2020,Northern Colorado,36.46,167
2020,East Tennessee State,35.94,168
2020,James Madison,35.08,170
2020,Davidson,34.64,172
2020,SE Louisiana,34.04,173
2020,Tennessee State,32.21,175
2020,South Dakota,29.87,176
2020,Western Carolina,29.45,177
2020,Mercer,28.8,179
2020,Brown,28.57,180
2020,San Diego,27.65,182
2020,Youngstown State,27.25,183
2020,Sam Houston,26.54,184
2020,UT Martin,24.03,186
2020,Western Illinois,23.72,188
2020,Hampton,22.89,190
2020,Stony Brook,22.7,192
2020,Grambling,22.25,193
2020,South Dakota State,22.07,194
2020,Fordham,21.45,195
2020,Samford,21.2,196
2020,Houston Christian,20.55,198
2020,Delaware,20.1,199
2020,VMI,20.05,200
2020,Bucknell,19.97,201
2020,Wofford,19.41,203
2020,Austin Peay,17.16,204
2020,Indiana State,16.73,208
2020,Arkansas-Pine Bluff,16.53,209
2020,Jacksonville State,16.49,210
2020,Cornell,15.89,211
2020,North Dakota,12.79,218
2020,North Carolina Central,12.65,219
2020,Alcorn State,12.65,220
2020,North Carolina A&T,11.52,225
2020,Campbell,10.98,228
2020,Richmond,9.98,229
2020,Southern Illinois,9.91,230
2020,Bryant,8.98,232
2020,Southeast Missouri State,8.97,233
2020,Texas Southern,8.97,236
2020,Lehigh,6.97,239
2020,Lafayette,6.97,240
2020,Marist,6.3,242
2020,Colgate,4.97,245
2021,Alabama,327.91,1
2021,Ohio State,309.49,2
2021,Georgia,294.55,3
2021,LSU,291.37,4
2021,Clemson,291.2,5
2021,Oregon,287.38,6
2021,Texas A&M,285.35,7
2021,USC,280.72,8
2021,Notre Dame,269.15,9
2021,Michigan,268.77,10
2021,Oklahoma,267.92,11
2021,Miami,263.12,12
2021,Florida,261.62,13
2021,North Carolina,253.91,14
2021,Wisconsin,240.8,15
2021,Tennessee,240.4,16
2021,Texas,237.09,17
2021,Ole Miss,234.56,18
2021,Maryland,230.29,19
2021,Nebraska,216.5,20
2021,Penn State,216.43,21
2021,Florida State,214.97,22
2021,Iowa,213.89,23
2021,Arkansas,213.19,24
2021,Mississippi State,210.6,25
2021,Pittsburgh,210.45,26
2021,Missouri,210.28,27
2021,California,209.2,28
2021,UCLA,206.5,29
2021,Auburn,205.63,30
2021,Virginia,205.33,31
2021,Kentucky,205.02,32
2021,Utah,203.23,33
2021,NC State,202.42,34
2021,Washington,201.78,35
2021,Boston College,201.66,36
2021,Minnesota,199.4,37
2021,Louisville,198.01,38
2021,Oklahoma State,196.26,39
2021,West Virginia,195.07,40
2021,Rutgers,191.67,41
2021,Cincinnati,190.66,42
2021,Michigan State,190.6,43
2021,Baylor,190.18,44
2021,Virginia Tech,189.84,45
2021,Memphis,187.31,46
2021,Georgia Tech,186.82,47
2021,Arizona State,185.98,48
2021,Vanderbilt,184.46,49
2021,Northwestern,184.3,50
2021,Stanford,183.58,51
2021,Kansas,183.13,52
2021,SMU,181.61,53
2021,Indiana,177.78,54
2021,UCF,177.69,55
2021,Kansas State,176.98,56
2021,Syracuse,176.5,57
2021,Duke,176.16,58
2021,Iowa State,175.58,59
2021,Washington State,172.58,60
2021,TCU,171.83,61
2021,San Diego State,169.98,62
2021,South Florida,167.63,63
2021,Texas Tech,167.13,64
2021,Colorado,167.11,65
2021,Wake Forest,165.75,66
2021,Toledo,163.18,67
2021,UNLV,161.89,68
2021,App State,161.14,69
2021,Boise State,161.13,70
2021,BYU,159.77,71
2021,Purdue,159.72,72
2021,Illinois,159.12,73
2021,Fresno State,159.11,74
2021,Arizona,157.25,75
2021,South Carolina,157.05,76
2021,Tulane,156.56,77
2021,UTSA,154.8,78
2021,Louisiana,154.78,79
2021,North Texas,153.89,80
2021,Houston,153.47,81
2021,Florida Atlantic,153.21,82
2021,Florida International,152.13,83
2021,Coastal Carolina,150.67,84
2021,Jackson State,147.9,85
2021,Nevada,146.32,86
2021,Central Michigan,146.12,87
2021,Miami (OH),146.03,88
2021,Colorado State,144.67,89
2021,Air Force,144.16,90
2021,Northern Illinois,142.59,91
2021,Georgia Southern,141.76,92
2021,Rice,141.39,93
2021,New Mexico,140.75,94
2021,Ball State,140.07,95
2021,East Carolina,139.28,96
2021,Western Michigan,139.11,97
2021,Buffalo,137.78,98
2021,Ohio,137.6,99
2021,Old Dominion,135.74,100
2021,Charlotte,134.83,101
2021,Georgia State,134.55,102
2021,Bowling Green,133.73,103
2021,Troy,133.65,104
2021,Temple,132.83,105
2021,Arkansas State,132.61,106
2021,Navy,131.51,107
2021,Oregon State,131.45,108
2021,Army,131.27,109
2021,Wyoming,130.41,110
2021,Liberty,129.14,111
2021,Eastern Michigan,128.54,112
2021,UL Monroe,127.64,113
2021,New Mexico State,126.9,114
2021,UConn,125.11,115
2021,UAB,123.44,116
2021,Massachusetts,121.74,117
2021,Kent State,119.36,118
2021,Akron,113.25,119
2021,San José State,112.81,120
2021,Louisiana Tech,108.45,121
2021,South Alabama,107.68,122
2021,Middle Tennessee,107.22,123
2021,Southern Miss,104.36,124
2021,Marshall,101.55,125
2021,Tulsa,97.89,126
2021,Hawai'i,90.15,127
2021,Northern Arizona,80.92,128
2021,Harvard,70.08,129
2021,Princeton,69.11,130
2021,Cal Poly,62.42,131
2021,Idaho,62.38,132
2021,Yale,61.37,133
2021,UTEP,60.62,134
2021,Utah State,55.32,135
2021,Western Kentucky,49.62,136
2021,Eastern Washington,48.13,138
2021,Pennsylvania,47.87,139
2021,James Madison,46.14,140
2021,Lamar,39.38,141
2021,North Carolina A&T,38.9,142
2021,Northern Iowa,37.22,143
2021,Stephen F. Austin,36.77,144
2021,UC Davis,31.22,145
2021,Central Arkansas,30.3,146
2021,Georgetown,29.42,147
2021,Samford,28.48,148
2021,Howard,27.3,149
2021,Morgan State,26.96,150
2021,South Dakota,25.25,151
2021,Montana State,24.7,152
2021,Southern Utah,24.64,153
2021,Grambling,24.49,154
2021,Austin Peay,24.23,155
2021,Tennessee Tech,21.96,156
2021,Kennesaw State,20.61,157
2021,Charleston Southern,19.5,158
2021,Columbia,18.29,159
2021,Jacksonville State,16.83,160
2021,Sacramento State,16.08,161
2021,Brown,15.57,162
2021,Alabama A&M,15.36,163
2021,Lehigh,14.77,164
2021,Prairie View A&M,14.18,165
2021,North Dakota,13.76,166
2021,Sam Houston,13.67,167
2021,William & Mary,13.3,168
2021,McNeese,13.17,169
2021,Tennessee State,13.15,170
2021,Southern Illinois,12.65,172
2021,Western Carolina,12.61,173
2021,Maine,12.51,174
2021,Chattanooga,12.15,175
2021,Duquesne,12.14,176
2021,Texas Southern,11.04,177
2021,Towson,10.54,178
2021,Villanova,10.53,179
2021,Northwestern State,10.53,180
2021,Holy Cross,10.14,181
2021,Lafayette,10.14,182
2021,Texas State,9.46,183
2021,San Diego,9.32,184
2021,Gardner-Webb,8.92,185
2021,Rhode Island,8.92,186
2021,Fordham,8.69,187
2021,Northern Colorado,8.31,188
2021,UAlbany,7.31,189
2021,Montana,7.3,190
2021,Portland State,7.3,191
2021,Campbell,6.8,192
2021,Wofford,5.8,193
2022,Texas A&M,333.13,1
2022,Alabama,322.25,2
2022,Georgia,318.34,3
2022,Ohio State,300.95,4
2022,Texas,289.04,5
2022,Penn State,278.66,6
2022,Notre Dame,275.44,7
2022,Oklahoma,266.73,8
2022,Michigan,262.13,9
2022,Clemson,260.87,10
2022,North Carolina,258.5,11
2022,LSU,245.76,12
2022,Oregon,243.37,13
2022,Kentucky,240.16,14
2022,Missouri,236.92,15
2022,Miami,235.03,16
2022,Florida,232.99,17
2022,Tennessee,232.77,18
2022,Stanford,229.74,19
2022,Florida State,229.46,20
2022,Auburn,229.35,21
2022,Arizona,224.38,22
2022,Ole Miss,222.38,23
2022,Michigan State,221.83,24
2022,South Carolina,220.16,25
2022,Indiana,219.8,26
2022,Mississippi State,219.45,27
2022,Arkansas,217.69,28
2022,Oklahoma State,217.39,29
2022,Iowa,215.05,30
2022,Maryland,213.62,31
2022,Vanderbilt,212.11,32
2022,Rutgers,210.07,33
2022,Utah,209.71,34
2022,West Virginia,209.05,35
2022,Virginia Tech,208.77,36
2022,Baylor,208.03,37
2022,Purdue,206.4,38
2022,Iowa State,205.08,39
2022,Boston College,202.55,40
2022,Nebraska,198.64,41
2022,Cincinnati,197.75,42
2022,Texas Tech,197.4,43
2022,Wisconsin,194.42,44
2022,TCU,194.07,45
2022,Illinois,192.59,46
2022,Colorado,192.38,47
2022,Northwestern,191.62,48
2022,Minnesota,189.38,49
2022,Houston,187.64,50
2022,Louisville,187.58,51
2022,Duke,186.78,52
2022,UCF,186.37,53
2022,Georgia Tech,184.81,54
2022,BYU,181.5,55
2022,Oregon State,181.41,56
2022,Marshall,176.47,57
2022,Memphis,176.39,58
2022,California,175.53,59
2022,Washington State,175.48,60
2022,UCLA,175.37,61
2022,Boise State,174.52,62
2022,Kansas State,173.32,63
2022,NC State,171.26,64
2022,San Diego State,168.39,65
2022,Virginia,166.85,66
2022,Arkansas State,166.63,67
2022,Syracuse,166.16,68
2022,Coastal Carolina,165.67,69
2022,USC,165.48,70
2022,Wake Forest,164.19,71
2022,Fresno State,163.46,72
2022,UTSA,162.04,73
2022,Tulane,160.73,74
2022,San José State,157.03,75
2022,Pittsburgh,153.09,76
2022,Miami (OH),152.97,77
2022,Colorado State,152.84,78
2022,Southern Miss,152.38,79
2022,Utah State,152.31,80
2022,Buffalo,147.86,81
2022,SMU,146.38,82
2022,App State,144.67,83
2022,Central Michigan,144.51,84
2022,East Carolina,143.29,85
2022,UAB,142.49,86
2022,Northern Illinois,142.15,87
2022,Louisiana Tech,140.27,88
2022,Campbell,137.24,89
2022,Kent State,136.64,90
2022,South Florida,136.48,91
2022,Toledo,134.89,92
2022,Wyoming,133.87,93
2022,Western Kentucky,129.6,94
2022,Temple,129.57,95
2022,Washington,129.55,96
2022,Ball State,127.25,97
2022,Liberty,126.37,98
2022,New Mexico,124.26,99
2022,Georgia State,124.06,100
2022,UNLV,121.78,102
2022,Arizona State,120.17,103
2022,South Alabama,119.39,104
2022,Western Michigan,119.04,105
2022,Old Dominion,118.85,106
2022,Charlotte,117.06,107
2022,New Mexico State,117.0,108
2022,Bowling Green,115.82,109
2022,Georgia Southern,115.78,110
2022,Louisiana,115.71,111
2022,Tulsa,113.34,112
2022,UConn,112.35,113
2022,Air Force,110.12,114
2022,Nevada,108.19,115
2022,Kansas,106.28,116
2022,Massachusetts,105.95,117
2022,North Texas,102.95,118
2022,Rice,102.87,119
2022,Middle Tennessee,102.04,120
2022,Sam Houston,101.32,121
2022,Jackson State,100.92,122
2022,Grambling,96.14,123
2022,Florida Atlantic,94.73,124
2022,Central Arkansas,90.76,125
2022,Hawai'i,84.97,126
2022,Akron,81.7,127
2022,Eastern Michigan,77.97,128
2022,UTEP,77.74,129
2022,Troy,65.19,130
2022,Princeton,56.25,131
2022,Ohio,53.67,132
2022,Texas State,51.34,133
2022,UL Monroe,49.36,134
2022,North Dakota State,46.49,135
2022,Harvard,46.06,136
2022,Murray State,41.85,137
2022,Navy,41.48,138
2022,Grand Valley State University,36.11,139
2022,Florida A&M,32.58,140
2022,Northern Arizona,32.26,141
2022,Youngstown State,30.85,142
2022,Austin Peay,30.6,143
2022,South Carolina State,28.97,144
2022,Yale,28.75,145
2022,SE Louisiana,28.48,146
2022,Idaho,27.31,148
2022,Northern Iowa,26.87,149
2022,Jacksonville State,25.39,150
2022,Southern Illinois,25.26,151
2022,Eastern Washington,24.93,152
2022,Western Carolina,24.04,153
2022,Portland State,23.86,154
2022,Chattanooga,23.66,155
2022,James Madison,21.94,156
2022,Eastern Kentucky,19.26,157
2022,Army,18.34,158
2022,Georgetown,17.56,159
2022,East Tennessee State,16.89,160
2022,Northwestern State,15.78,161
2022,Tennessee Tech,14.17,162
2022,Howard,14.17,162
2022,Missouri State,13.67,165
2022,Western Illinois,13.0,167
2022,UC Davis,12.81,168
2022,Monmouth,12.67,169
2022,Sacramento State,12.67,169
2022,Lehigh,12.56,171
2022,Pennsylvania,12.28,172
2022,Furman,12.17,173
2022,Villanova,12.17,173
2022,Weber State,12.17,173
2022,Lamar,11.67,177
2022,Southeast Missouri State,11.67,177
2022,North Carolina A&T,11.17,179
2022,Alabama A&M,11.17,179
2022,North Carolina Central,11.17,179
2022,Richmond,10.89,182
2022,Rhode Island,10.67,183
2022,UT Martin,10.44,184
2022,Towson,10.06,185
2022,The Citadel,9.89,186
2022,Stephen F. Austin,9.44,188
2022,Bucknell,8.83,189
2022,Montana State,8.33,190
2023,Alabama,328.0,1
2023,Georgia,315.68,2
2023,Texas,306.31,3
2023,Oklahoma,289.03,4
2023,Ohio State,288.98,5
2023,LSU,288.7,6
2023,Miami,284.64,7
2023,USC,280.44,8
2023,Oregon,278.44,9
2023,Tennessee,277.0,10
2023,Clemson,273.39,11
2023,Notre Dame,272.74,12
2023,Florida,271.43,13
2023,Penn State,270.1,14
2023,Texas A&M,268.85,15
2023,South Carolina,256.14,16
2023,Michigan,245.13,17
2023,Auburn,242.9,18
2023,Florida State,237.15,19
2023,Utah,236.08,20
2023,TCU,235.07,21
2023,Arkansas,228.3,22
2023,Ole Miss,227.96,23
2023,Michigan State,224.87,24
2023,Nebraska,224.12,25
2023,Washington,223.92,26
2023,Mississippi State,222.92,27
2023,Texas Tech,222.02,28
2023,Colorado,219.75,29
2023,North Carolina,219.35,30
2023,Louisville,217.99,31
2023,Kentucky,212.42,32
2023,Kansas State,212.31,33
2023,Missouri,211.13,34
2023,Baylor,210.79,35
2023,Maryland,206.46,36
2023,UCLA,206.15,37
2023,Illinois,205.64,38
2023,Virginia Tech,205.58,39
2023,Arizona,204.72,40
2023,Iowa,204.36,41
2023,Iowa State,204.14,42
2023,NC State,204.08,43
2023,Arizona State,201.23,44
2023,Minnesota,201.22,45
2023,Stanford,200.94,46
2023,Northwestern,200.11,47
2023,West Virginia,199.09,48
2023,Oregon State,198.88,49
2023,UCF,196.98,50
2023,Pittsburgh,196.32,51
2023,Vanderbilt,195.39,52
2023,Wake Forest,193.23,53
2023,Oklahoma State,193.19,54
2023,Houston,191.97,55
2023,Duke,191.8,56
2023,Rutgers,190.36,57
2023,Wisconsin,188.21,58
2023,UTSA,187.6,59
2023,Memphis,186.18,60
2023,Boston College,185.3,61
2023,Georgia Tech,185.2,62
2023,Washington State,184.96,63
2023,Virginia,180.69,64
2023,East Carolina,180.54,65
2023,BYU,179.88,66
2023,Boise State,179.7,67
2023,Purdue,179.36,68
2023,Indiana,177.6,69
2023,Colorado State,176.09,70
2023,Tulane,172.87,71
2023,SMU,171.15,72
2023,Kansas,169.88,73
2023,Arkansas State,168.05,74
2023,Cincinnati,167.89,75
2023,South Florida,165.19,76
2023,Louisiana Tech,163.34,77
2023,San Diego State,163.05,78
2023,California,162.74,79
2023,App State,161.99,80
2023,Southern Miss,161.48,81
2023,Florida Atlantic,161.44,82
2023,Fresno State,161.0,83
2023,Buffalo,160.65,84
2023,Temple,160.16,85
2023,Rice,159.14,86
2023,Eastern Michigan,158.7,87
2023,Syracuse,156.73,88
2023,Louisiana,155.69,89
2023,South Alabama,154.95,90
2023,Central Michigan,153.75,91
2023,UAB,149.23,92
2023,Campbell,148.06,93
2023,Troy,147.8,94
2023,Florida International,147.71,95
2023,Sam Houston,141.34,96
2023,Ohio,140.79,97
2023,Texas State,139.15,98
2023,North Texas,137.98,99
2023,Utah State,133.96,100
2023,Georgia Southern,131.86,101
2023,Toledo,131.66,102
2023,Northern Illinois,131.18,103
2023,Air Force,130.58,104
2023,Miami (OH),129.81,105
2023,Western Michigan,129.14,106
2023,Nevada,126.82,107
2023,Ball State,126.78,108
2023,Akron,121.18,109
2023,Wyoming,120.69,110
2023,Liberty,120.52,111
2023,San José State,118.01,112
2023,New Mexico State,116.57,113
2023,Coastal Carolina,113.66,114
2023,Tulsa,113.39,115
2023,Georgia State,111.43,116
2023,Hawai'i,111.34,117
2023,Army,110.02,118
2023,Bowling Green,103.84,119
2023,Middle Tennessee,100.8,120
2023,UTEP,100.59,121
2023,Old Dominion,95.13,122
2023,Kent State,81.64,123
2023,UConn,80.21,124
2023,Marshall,77.8,125
2023,UL Monroe,73.66,126
2023,Massachusetts,72.64,127
2023,New Mexico,72.37,128
2023,Charlotte,69.14,129
2023,Jackson State,68.09,130
2023,Navy,67.03,131
2023,Western Carolina,63.24,132
2023,Portland State,61.03,133
2023,Western Kentucky,58.4,134
2023,Austin Peay,58.34,135
2023,UNLV,55.31,136
2023,Princeton,54.68,137
2023,Florida A&M,53.84,138
2023,Cal Poly,44.17,139
2023,Harvard,43.43,140
2023,Houston Christian,41.23,141
2023,Sacramento State,39.88,142
2023,Idaho,35.94,143
2023,Incarnate Word,31.55,144
2023,Howard,29.98,145
2023,Stephen F. Austin,27.45,146
2023,Weber State,27.27,147
2023,James Madison,25.85,149
2023,Utah Tech,24.55,150
2023,Yale,23.67,151
2023,South Dakota,23.49,152
2023,McNeese,17.03,153
2023,Arkansas-Pine Bluff,16.22,154
2023,Grand Valley State University,16.0,155
2023,Northern Colorado,15.97,156
2023,Texas Southern,15.11,157
2023,Murray State,14.78,159
2023,The Citadel,14.37,160
2023,Montana,14.33,161
2023,Eastern Washington,14.17,162
2023,Jacksonville State,13.85,163
2023,Southeast Missouri State,13.83,164
2023,Eastern Illinois,13.78,165
2023,Central Arkansas,13.61,166
2023,Dartmouth,13.17,167
2023,Mississippi Valley State,13.17,167
2023,North Dakota State,13.17,167
2023,Duquesne,13.0,170
2023,Eastern Kentucky,12.78,171
2023,Southern,12.78,171
2023,Pennsylvania,12.75,173
2023,Southern Illinois,12.5,174
2023,Kennesaw State,12.37,175
2023,East Tennessee State,12.0,176
2023,Chattanooga,11.7,177
2023,Northern Iowa,9.0,178
2023,Illinois State,7.33,179
