team,year,avg_rank,avg_points,ppa_return,usage_return
Air Force,2011,120.0,26.17,,
Air Force,2012,104.5,52.015,,
Air Force,2013,98.33333333333333,75.14,,
Air Force,2014,100.5,83.04,,
Air Force,2015,98.5,100.9425,,
Air Force,2016,107.0,105.9825,,
Air Force,2017,114.0,103.36000000000001,,
Air Force,2018,114.5,105.64500000000001,,
Air Force,2019,117.0,108.82749999999999,,
Air Force,2020,113.0,117.94749999999999,,
Air Force,2021,111.25,125.75,,
Air Force,2022,106.5,132.82,,
Air Force,2023,104.5,132.7225,,
Akron,2011,102.0,136.89,,
Akron,2012,108.0,93.595,,
Akron,2013,112.33333333333333,85.76333333333332,,
Akron,2014,113.0,88.7325,,
Akron,2015,115.75,78.8425,,
Akron,2016,119.0,86.86249999999998,,
Akron,2017,121.75,89.91,,
Akron,2018,125.75,87.72749999999999,,
Akron,2019,129.25,90.5975,,
Akron,2020,126.0,102.56,,
Akron,2021,124.25,114.35749999999999,,
Akron,2022,121.25,120.4425,,
Akron,2023,121.25,113.66499999999999,,
Alabama,2011,4.0,284.2,,
Alabama,2012,2.5,291.35,,
Alabama,2013,2.0,298.6066666666666,,
Alabama,2014,1.75,303.83,0.574,0.589
Alabama,2015,1.0,312.7075,0.222,0.251
Alabama,2016,1.0,315.85749999999996,0.341,0.279
Alabama,2017,1.0,313.08750000000003,0.731,0.791
Alabama,2018,1.0,314.18,0.777,0.756
Alabama,2019,2.0,306.73749999999995,0.696,0.632
Alabama,2020,2.0,308.33750000000003,0.501,0.593
Alabama,2021,2.25,310.4375,0.192,0.26
Alabama,2022,2.25,311.4475,0.552,0.586
Alabama,2023,1.5,319.52500000000003,0.396,0.388
Alabama A&M,2016,186.0,9.99,,
Alabama A&M,2017,214.0,9.205,,
Alabama A&M,2018,221.5,15.125,,
Alabama A&M,2019,223.0,12.743333333333332,,
Alabama A&M,2021,218.66666666666666,13.806666666666667,,
Alabama A&M,2022,206.0,11.65,,
Alabama State,2014,196.0,8.12,,
Alabama State,2015,181.5,14.105,,
Alabama State,2016,193.0,12.726666666666667,,
Alabama State,2018,192.66666666666666,18.69333333333333,,
Alabama State,2019,201.66666666666666,17.186666666666667,,
Alcorn State,2015,149.0,26.36,,
Alcorn State,2016,157.0,28.48,,
Alcorn State,2017,170.0,27.503333333333334,,
Alcorn State,2018,185.33333333333334,27.123333333333335,,
Alcorn State,2019,177.5,29.8425,,
Alcorn State,2020,187.75,27.5875,,
App State,2012,133.0,4.32,,
App State,2013,129.0,25.295,,
App State,2014,127.66666666666667,43.07666666666666,,
App State,2015,117.5,62.62,,
App State,2016,112.75,89.5475,,
App State,2017,108.75,105.91,,
App State,2018,104.25,115.445,,
App State,2019,110.75,115.1825,,
App State,2020,107.5,121.92500000000001,,
App State,2021,101.0,132.6425,,
App State,2022,91.5,143.73250000000002,,
App State,2023,84.0,149.85,,
Arizona,2011,58.0,183.75,,
Arizona,2012,53.0,175.345,,
Arizona,2013,49.333333333333336,183.3166666666667,,
Arizona,2014,48.0,184.71499999999997,,
Arizona,2015,41.25,192.10000000000002,,
Arizona,2016,40.0,197.0075,,
Arizona,2017,41.5,192.29749999999999,,
Arizona,2018,41.75,191.53999999999996,,
Arizona,2019,49.25,182.72499999999997,,
Arizona,2020,52.0,181.74999999999997,,
Arizona,2021,55.5,179.36749999999998,,
Arizona,2022,63.0,172.20999999999998,,
Arizona,2023,53.25,183.79749999999999,,
Arizona State,2011,40.0,203.28,,
Arizona State,2012,52.5,174.98000000000002,,
Arizona State,2013,47.0,185.09666666666666,,
Arizona State,2014,45.0,187.01749999999998,,
Arizona State,2015,40.75,191.995,,
Arizona State,2016,29.25,213.5075,,
Arizona State,2017,26.25,216.57999999999998,,
Arizona State,2018,24.5,220.055,,
Arizona State,2019,27.75,216.0725,,
Arizona State,2020,30.0,212.83,,
Arizona State,2021,30.0,215.79250000000002,,
Arizona State,2022,34.0,210.6175,,
Arizona State,2023,50.75,188.845,,
Arkansas,2011,41.0,203.21,,
Arkansas,2012,31.0,214.715,,
Arkansas,2013,29.666666666666668,217.18333333333337,,
Arkansas,2014,28.0,217.03750000000002,0.667,0.856
Arkansas,2015,25.0,220.11,0.888,0.942
Arkansas,2016,25.25,219.1825,0.395,0.3
Arkansas,2017,24.25,218.4875,0.566,0.544
Arkansas,2018,25.25,217.5225,0.669,0.653
Arkansas,2019,30.25,211.675,0.398,0.466
Arkansas,2020,30.5,215.34,0.667,0.505
Arkansas,2021,32.25,213.54500000000002,0.505,0.423
Arkansas,2022,31.5,213.6575,0.681,0.744
Arkansas,2023,26.25,220.05249999999998,0.581,0.777
Arkansas State,2011,94.0,142.14,,
Arkansas State,2012,106.0,95.195,,
Arkansas State,2013,92.0,117.46999999999998,,
Arkansas State,2014,94.0,116.53999999999999,,
Arkansas State,2015,94.25,108.8825,,
Arkansas State,2016,87.25,129.6825,,
Arkansas State,2017,93.75,122.2225,,
Arkansas State,2018,96.5,122.51249999999999,,
Arkansas State,2019,94.75,131.64249999999998,,
Arkansas State,2020,96.0,134.62,,
Arkansas State,2021,96.5,138.7625,,
Arkansas State,2022,95.25,143.1875,,
Arkansas State,2023,90.0,147.8375,,
Arkansas-Pine Bluff,2020,218.0,16.4,,
Arkansas-Pine Bluff,2023,213.5,16.465,,
Army,2011,113.0,99.95,,
Army,2012,100.5,88.92,,
Army,2013,109.0,74.41666666666667,,
Army,2014,113.5,74.33,,
Army,2015,115.5,71.1475,,
Army,2016,123.5,76.8825,,
Army,2017,121.25,92.75500000000001,,
Army,2018,119.5,100.83000000000001,,
Army,2019,118.5,108.6975,,
Army,2020,113.25,118.42750000000001,,
Army,2021,111.75,126.06,,
Army,2022,109.0,132.28500000000003,,
Army,2023,119.25,107.1975,,
Auburn,2011,6.0,277.2,,
Auburn,2012,5.5,279.11,,
Auburn,2013,7.333333333333333,273.3433333333333,,
Auburn,2014,8.0,271.8725,0.807,0.68
Auburn,2015,8.0,271.85249999999996,0.202,0.157
Auburn,2016,8.75,271.175,0.569,0.488
Auburn,2017,8.25,274.5075,0.516,0.552
Auburn,2018,8.0,271.62249999999995,0.828,0.704
Auburn,2019,9.5,268.03499999999997,0.415,0.447
Auburn,2020,10.25,266.4425,0.73,0.71
Auburn,2021,9.75,266.3075,0.605,0.714
Auburn,2022,15.0,253.735,0.452,0.558
Auburn,2023,17.25,245.38,0.787,0.657
Austin Peay,2014,163.0,21.02,,
Austin Peay,2015,159.5,23.03,,
Austin Peay,2016,157.33333333333334,27.06,,
Austin Peay,2017,154.0,37.265,,
Austin Peay,2018,146.25,54.22,,
Austin Peay,2019,140.5,70.05,,
Austin Peay,2020,143.5,72.82499999999999,,
Austin Peay,2021,158.5,60.145,,
Austin Peay,2022,164.25,43.9925,,
Austin Peay,2023,166.75,29.5525,,
BYU,2011,33.0,211.56,,
BYU,2012,51.0,177.765,,
BYU,2013,57.666666666666664,168.05333333333334,,
BYU,2014,59.75,164.1775,0.552,0.861
BYU,2015,67.5,151.715,0.575,0.53
BYU,2016,66.5,156.9875,0.679,0.748
BYU,2017,61.0,164.29250000000002,0.306,0.255
BYU,2018,61.0,167.9975,0.885,0.836
BYU,2019,64.5,167.7,0.746,0.543
BYU,2020,68.5,165.625,0.669,0.728
BYU,2021,75.75,161.14,0.48,0.557
BYU,2022,77.0,159.24,0.612,0.578
BYU,2023,71.25,164.48499999999999,0.294,0.224
Ball State,2011,93.0,142.28,,
Ball State,2012,97.5,101.405,,
Ball State,2013,100.0,101.96666666666665,,
Ball State,2014,101.25,103.39750000000001,,
Ball State,2015,103.25,94.71000000000001,,
Ball State,2016,104.0,109.5025,,
Ball State,2017,106.0,111.4575,,
Ball State,2018,102.25,116.73500000000001,,
Ball State,2019,106.75,118.74499999999999,,
Ball State,2020,111.75,119.54249999999999,,
Ball State,2021,114.0,124.69,,
Ball State,2022,115.25,127.5075,,
Ball State,2023,109.75,130.4275,,
Baylor,2011,38.0,206.15,,
Baylor,2012,42.0,188.04500000000002,,
Baylor,2013,36.666666666666664,199.57000000000002,,
Baylor,2014,34.25,201.98499999999999,0.822,0.738
Baylor,2015,31.0,204.98000000000002,0.608,0.549
Baylor,2016,28.5,211.465,0.576,0.605
Baylor,2017,32.0,203.8075,0.432,0.493
Baylor,2018,35.25,199.84,0.832,0.689
Baylor,2019,36.25,199.0625,0.78,0.797
Baylor,2020,36.0,200.94,0.791,0.781
Baylor,2021,39.5,198.2225,0.619,0.45
Baylor,2022,40.5,197.4275,0.209,0.171
Baylor,2023,42.5,195.68,0.645,0.691
Bethune-Cookman,2012,132.0,5.99,,
Bethune-Cookman,2013,132.5,14.715,,
Bethune-Cookman,2014,140.0,17.723333333333333,,
Bethune-Cookman,2015,145.75,18.447499999999998,,
Bethune-Cookman,2016,155.25,23.6325,,
Bethune-Cookman,2017,160.75,31.79,,
Bethune-Cookman,2018,180.75,27.795,,
Bethune-Cookman,2019,187.0,26.867500000000003,,
Boise State,2011,110.0,115.97,,
Boise State,2012,81.5,137.975,,
Boise State,2013,74.66666666666667,148.35,,
Boise State,2014,69.75,154.64000000000001,,
Boise State,2015,58.0,166.42000000000002,,
Boise State,2016,59.25,169.345,,
Boise State,2017,61.0,167.235,,
Boise State,2018,63.25,165.715,,
Boise State,2019,61.75,170.8075,,
Boise State,2020,59.75,175.36999999999998,,
Boise State,2021,59.0,177.185,,
Boise State,2022,60.5,175.61,,
Boise State,2023,61.75,173.375,,
Boston College,2011,45.0,196.9,,
Boston College,2012,42.0,188.89499999999998,,
Boston College,2013,51.0,175.93999999999997,,
Boston College,2014,59.75,163.5025,0.199,0.181
Boston College,2015,61.25,158.5575,0.183,0.483
Boston College,2016,66.5,155.6975,0.921,0.869
Boston College,2017,68.75,154.8625,0.524,0.555
Boston College,2018,64.0,163.9675,0.809,0.698
Boston College,2019,69.0,162.805,0.666,0.799
Boston College,2020,69.75,164.7575,0.465,0.514
Boston College,2021,66.0,170.675,0.876,0.801
Boston College,2022,58.25,180.4375,0.636,0.597
Boston College,2023,50.5,187.9575,0.372,0.526
Bowling Green,2011,89.0,146.16,,
Bowling Green,2012,89.5,111.875,,
Bowling Green,2013,91.0,112.98333333333335,,
Bowling Green,2014,89.5,117.57749999999999,,
Bowling Green,2015,93.75,106.69749999999999,,
Bowling Green,2016,97.25,117.25750000000001,,
Bowling Green,2017,101.5,116.3525,,
Bowling Green,2018,100.5,118.04749999999999,,
Bowling Green,2019,96.75,128.39499999999998,,
Bowling Green,2020,103.0,127.27999999999999,,
Bowling Green,2021,96.5,137.98499999999999,,
Bowling Green,2022,102.0,136.8825,,
Bowling Green,2023,106.5,129.82999999999998,,
Brown,2016,181.0,11.99,,
Brown,2017,208.5,11.34,,
Brown,2018,205.0,24.2,,
Brown,2020,214.0,18.27,,
Brown,2021,195.33333333333334,24.23,,
Bucknell,2014,199.0,7.79,,
Bucknell,2015,217.0,7.05,,
Bucknell,2016,213.66666666666666,8.683333333333332,,
Bucknell,2019,208.5,15.54,,
Bucknell,2020,216.0,17.045,,
Bucknell,2022,211.5,17.465,,
Buffalo,2011,108.0,125.67,,
Buffalo,2012,104.0,93.775,,
Buffalo,2013,108.33333333333333,92.22666666666667,,
Buffalo,2014,113.25,87.3025,,
Buffalo,2015,111.25,82.9,,
Buffalo,2016,115.75,93.23249999999999,,
Buffalo,2017,116.0,97.82749999999999,,
Buffalo,2018,112.25,107.9375,,
Buffalo,2019,121.25,101.25,,
Buffalo,2020,118.25,109.10749999999999,,
Buffalo,2021,121.25,110.965,,
Buffalo,2022,117.5,117.1675,,
Buffalo,2023,103.75,133.805,,
Butler,2015,287.0,-0.03,,
Butler,2018,258.5,3.32,,
Cal Poly,2014,188.0,2.98,,
Cal Poly,2015,208.5,4.825,,
Cal Poly,2016,190.66666666666666,14.876666666666665,,
Cal Poly,2017,191.0,23.69333333333333,,
Cal Poly,2018,196.5,21.385,,
Cal Poly,2019,197.5,21.21,,
Cal Poly,2020,203.5,21.1625,,
Cal Poly,2021,190.0,37.525,,
Cal Poly,2023,148.33333333333334,64.03,,
California,2011,20.0,233.8,,
California,2012,17.5,241.75,,
California,2013,21.666666666666668,233.79333333333332,,
California,2014,26.5,223.0575,,
California,2015,35.25,208.2375,,
California,2016,40.0,195.505,,
California,2017,40.25,192.985,,
California,2018,47.5,185.155,,
California,2019,44.25,190.8775,,
California,2020,46.5,190.305,,
California,2021,48.5,187.855,,
California,2022,38.0,200.27249999999998,,
California,2023,42.25,194.8025,,
Campbell,2016,236.0,5.95,,
Campbell,2017,240.0,6.3100000000000005,,
Campbell,2018,234.0,8.003333333333334,,
Campbell,2020,217.0,11.856666666666667,,
Campbell,2021,211.66666666666666,13.293333333333335,,
Campbell,2022,201.66666666666666,11.763333333333335,,
Campbell,2023,169.66666666666666,51.67333333333334,,
Central Arkansas,2013,186.0,3.98,,
Central Arkansas,2014,165.5,16.43,,
Central Arkansas,2015,171.0,16.196666666666665,,
Central Arkansas,2016,174.25,17.4125,,
Central Arkansas,2017,164.75,31.9925,,
Central Arkansas,2018,187.5,26.68,,
Central Arkansas,2019,180.75,32.0875,,
Central Arkansas,2020,168.75,53.5325,,
Central Arkansas,2021,169.25,53.43000000000001,,
Central Arkansas,2022,146.75,59.0975,,
Central Arkansas,2023,139.25,72.44749999999999,,
Central Michigan,2011,106.0,127.67,,
Central Michigan,2012,99.5,101.655,,
Central Michigan,2013,96.33333333333333,107.86333333333334,,
Central Michigan,2014,98.25,107.91,,
Central Michigan,2015,100.75,98.79249999999999,,
Central Michigan,2016,101.75,110.78999999999999,,
Central Michigan,2017,106.0,108.85,,
Central Michigan,2018,103.25,113.6875,,
Central Michigan,2019,104.25,118.6925,,
Central Michigan,2020,106.0,122.275,,
Central Michigan,2021,110.0,126.86000000000001,,
Central Michigan,2022,108.5,131.54000000000002,,
Central Michigan,2023,99.5,139.8625,,
Charleston Southern,2015,135.0,48.6,,
Charleston Southern,2016,172.0,29.865000000000002,,
Charleston Southern,2017,181.66666666666666,28.00666666666667,,
Charleston Southern,2018,188.75,24.887500000000003,,
Charleston Southern,2019,204.0,16.4875,,
Charleston Southern,2021,213.66666666666666,13.186666666666667,,
Charlotte,2013,140.0,19.34,,
Charlotte,2014,126.0,60.045,,
Charlotte,2015,123.66666666666667,69.76333333333334,,
Charlotte,2016,124.25,74.05,,
Charlotte,2017,119.0,95.9225,,
Charlotte,2018,119.5,98.68999999999998,,
Charlotte,2019,117.5,106.4975,,
Charlotte,2020,119.0,112.9425,,
Charlotte,2021,111.25,124.3725,,
Charlotte,2022,108.0,130.125,,
Charlotte,2023,107.0,129.28250000000003,,
Chattanooga,2013,157.0,10.48,,
Chattanooga,2014,147.5,22.384999999999998,,
Chattanooga,2015,142.0,38.016666666666666,,
Chattanooga,2016,139.25,44.355,,
Chattanooga,2017,145.75,50.2425,,
Chattanooga,2018,149.0,56.8225,,
Chattanooga,2019,151.0,59.5125,,
Chattanooga,2021,156.0,58.526666666666664,,
Chattanooga,2022,164.0,42.373333333333335,,
Chattanooga,2023,169.33333333333334,23.580000000000002,,
Cincinnati,2011,56.0,184.21,,
Cincinnati,2012,51.5,176.49,,
Cincinnati,2013,51.333333333333336,179.41333333333333,,
Cincinnati,2014,53.5,175.1425,0.402,0.44
Cincinnati,2015,55.75,169.4475,0.895,0.892
Cincinnati,2016,61.0,167.8675,0.505,0.643
Cincinnati,2017,66.75,159.7375,0.732,0.613
Cincinnati,2018,67.5,161.10500000000002,0.789,0.765
Cincinnati,2019,63.25,168.90750000000003,0.823,0.861
Cincinnati,2020,66.0,167.83749999999998,0.673,0.612
Cincinnati,2021,57.5,178.39,0.855,0.735
Cincinnati,2022,52.25,184.105,0.272,0.241
Cincinnati,2023,50.75,185.38249999999996,0.067,0.261
Clemson,2011,27.0,218.08,,
Clemson,2012,18.5,243.885,,
Clemson,2013,19.0,243.16666666666666,,
Clemson,2014,18.0,244.79,0.288,0.288
Clemson,2015,15.25,250.4525,0.86,0.632
Clemson,2016,15.0,252.525,0.888,0.89
Clemson,2017,12.75,259.88250000000005,0.243,0.229
Clemson,2018,13.0,257.195,0.793,0.779
Clemson,2019,10.75,267.93,0.813,0.752
Clemson,2020,11.0,267.3225,0.764,0.849
Clemson,2021,9.0,276.96500000000003,0.261,0.351
Clemson,2022,6.25,290.0375,0.458,0.621
Clemson,2023,7.0,284.3375,0.551,0.505
Coastal Carolina,2013,153.0,10.62,,
Coastal Carolina,2014,145.0,23.169999999999998,,
Coastal Carolina,2015,152.66666666666666,22.096666666666668,,
Coastal Carolina,2016,157.25,23.25,,
Coastal Carolina,2017,150.5,44.872499999999995,,
Coastal Carolina,2018,147.75,60.07,,
Coastal Carolina,2019,134.25,85.115,,
Coastal Carolina,2020,122.0,109.7025,,
Coastal Carolina,2021,119.5,119.5775,,
Coastal Carolina,2022,109.0,133.1175,,
Coastal Carolina,2023,97.75,144.5025,,
Colgate,2014,189.0,9.83,,
Colgate,2015,192.0,11.545,,
Colgate,2016,185.66666666666666,16.419999999999998,,
Colgate,2017,194.5,16.1925,,
Colgate,2018,204.0,16.247500000000002,,
Colgate,2019,212.5,14.6775,,
Colgate,2020,225.75,11.3925,,
Colorado,2011,57.0,183.91,,
Colorado,2012,60.5,165.805,,
Colorado,2013,53.333333333333336,178.43999999999997,,
Colorado,2014,57.0,171.6525,0.624,0.718
Colorado,2015,61.25,162.64999999999998,0.811,0.839
Colorado,2016,62.5,166.235,0.756,0.701
Colorado,2017,70.0,155.4125,0.746,0.671
Colorado,2018,61.75,168.535,0.586,0.521
Colorado,2019,56.5,178.33749999999998,0.851,0.679
Colorado,2020,50.25,186.465,0.258,0.443
Colorado,2021,42.0,197.1525,0.758,0.547
Colorado,2022,49.5,187.98499999999999,0.694,0.717
Colorado,2023,48.0,189.3025,0.077,0.13
Colorado State,2011,70.0,172.59,,
Colorado State,2012,73.0,147.69,,
Colorado State,2013,88.66666666666667,123.37666666666667,,
Colorado State,2014,87.5,125.685,,
Colorado State,2015,91.5,113.23,,
Colorado State,2016,102.25,107.9625,,
Colorado State,2017,91.25,126.9,,
Colorado State,2018,88.5,133.27,,
Colorado State,2019,88.5,140.775,,
Colorado State,2020,79.75,154.15,,
Colorado State,2021,86.25,152.225,,
Colorado State,2022,90.25,148.87,,
Colorado State,2023,88.25,148.8825,,
Columbia,2013,177.0,6.67,,
Columbia,2014,180.5,8.73,,
Columbia,2015,197.0,8.043333333333335,,
Columbia,2016,202.5,8.3975,,
Columbia,2017,190.75,29.3975,,
Columbia,2018,186.5,37.6075,,
Columbia,2020,149.33333333333334,58.89333333333334,,
Columbia,2021,155.66666666666666,49.35333333333333,,
Cornell,2014,173.0,6.67,,
Cornell,2015,195.5,7.745,,
Cornell,2016,196.33333333333334,9.726666666666667,,
Cornell,2017,216.0,11.573333333333332,,
Cornell,2018,207.25,16.7175,,
Cornell,2020,230.33333333333334,14.773333333333333,,
Dartmouth,2013,139.0,19.37,,
Dartmouth,2015,176.0,11.34,,
Dartmouth,2016,174.66666666666666,16.346666666666668,,
Dartmouth,2017,185.66666666666666,24.060000000000002,,
Dartmouth,2018,173.66666666666666,34.64,,
Dartmouth,2019,173.25,32.3375,,
Dartmouth,2020,170.25,39.46,,
Dartmouth,2023,154.0,59.91,,
Delaware,2013,189.0,0.98,,
Delaware,2014,168.0,14.805,,
Delaware,2015,167.0,16.65,,
Delaware,2016,165.75,20.5825,,
Delaware,2017,164.5,28.5225,,
Delaware,2018,165.75,36.0,,
Delaware,2019,180.75,32.91,,
Delaware,2020,184.25,33.7175,,
Delaware State,2014,158.0,10.48,,
Delaware State,2015,185.0,10.17,,
Delaware State,2016,202.0,8.44,,
Delaware State,2017,219.0,11.586666666666668,,
Drake,2018,259.0,5.31,,
Duke,2011,73.0,171.81,,
Duke,2012,68.0,160.57,,
Duke,2013,66.0,162.05333333333334,,
Duke,2014,67.25,158.78000000000003,0.782,0.728
Duke,2015,64.25,157.41500000000002,0.394,0.37
Duke,2016,61.5,164.025,0.693,0.753
Duke,2017,54.25,173.9375,0.827,0.809
Duke,2018,48.25,182.8125,0.85,0.835
Duke,2019,48.75,185.4375,0.289,0.391
Duke,2020,48.0,189.34,0.377,0.476
Duke,2021,55.0,181.10250000000002,0.682,0.379
Duke,2022,57.75,179.0275,0.376,0.329
Duke,2023,55.0,181.51,0.989,0.991
Duquesne,2014,150.0,25.58,,
Duquesne,2015,185.5,16.95,,
Duquesne,2018,191.0,20.355,,
Duquesne,2019,176.0,24.490000000000002,,
Duquesne,2021,215.5,12.055,,
Duquesne,2023,208.0,9.83,,
East Carolina,2011,83.0,152.95,,
East Carolina,2012,77.5,145.51,,
East Carolina,2013,78.33333333333333,141.35999999999999,,
East Carolina,2014,77.0,142.685,,
East Carolina,2015,75.25,138.665,,
East Carolina,2016,80.5,135.86,,
East Carolina,2017,80.25,139.25,,
East Carolina,2018,81.75,138.7225,,
East Carolina,2019,85.0,141.3625,,
East Carolina,2020,81.25,149.25,,
East Carolina,2021,79.0,153.36,,
East Carolina,2022,83.25,152.04250000000002,,
East Carolina,2023,82.25,151.0075,,
East Tennessee State,2015,159.0,23.78,,
East Tennessee State,2017,161.5,27.53,,
East Tennessee State,2018,171.0,27.623333333333335,,
East Tennessee State,2019,191.0,22.540000000000003,,
East Tennessee State,2020,197.66666666666666,23.083333333333332,,
East Tennessee State,2022,190.33333333333334,25.793333333333333,,
East Tennessee State,2023,170.66666666666666,28.58,,
Eastern Illinois,2014,135.0,0.0,,
Eastern Illinois,2016,158.0,24.03,,
Eastern Illinois,2017,178.5,24.59,,
Eastern Illinois,2018,199.66666666666666,18.616666666666667,,
Eastern Illinois,2019,227.0,11.93,,
Eastern Illinois,2020,213.5,18.295,,
Eastern Illinois,2023,166.0,40.08,,
Eastern Kentucky,2014,166.0,7.49,,
Eastern Kentucky,2015,181.0,10.365,,
Eastern Kentucky,2016,191.0,10.58,,
Eastern Kentucky,2017,187.0,26.78333333333333,,
Eastern Kentucky,2018,175.75,38.4175,,
Eastern Kentucky,2019,162.0,53.3675,,
Eastern Kentucky,2020,144.25,73.19500000000001,,
Eastern Kentucky,2022,144.0,74.62,,
Eastern Kentucky,2023,149.33333333333334,56.69333333333333,,
Eastern Michigan,2011,111.0,110.9,,
Eastern Michigan,2012,111.0,82.295,,
Eastern Michigan,2013,110.0,87.17999999999999,,
Eastern Michigan,2014,110.75,90.03,,
Eastern Michigan,2015,114.0,83.5275,,
Eastern Michigan,2016,115.0,97.6425,,
Eastern Michigan,2017,118.25,99.1275,,
Eastern Michigan,2018,120.75,99.725,,
Eastern Michigan,2019,117.25,108.88749999999999,,
Eastern Michigan,2020,119.25,112.5975,,
Eastern Michigan,2021,117.75,121.0675,,
Eastern Michigan,2022,115.0,127.96000000000001,,
Eastern Michigan,2023,119.5,117.0675,,
Eastern Washington,2013,132.0,24.65,,
Eastern Washington,2014,143.0,24.29,,
Eastern Washington,2015,155.0,21.7,,
Eastern Washington,2016,161.0,21.78,,
Eastern Washington,2017,164.25,31.775,,
Eastern Washington,2018,158.25,48.9975,,
Eastern Washington,2019,148.5,63.625,,
Eastern Washington,2020,138.25,81.81,,
Eastern Washington,2021,134.0,95.1425,,
Eastern Washington,2022,136.0,83.97,,
Eastern Washington,2023,139.0,71.445,,
Elon,2013,172.0,6.67,,
Elon,2014,193.0,4.32,,
Elon,2015,205.66666666666666,5.1033333333333335,,
Elon,2016,206.75,6.592499999999999,,
Elon,2017,218.5,8.8275,,
Elon,2018,226.25,10.002500000000001,,
Elon,2019,220.0,11.1225,,
Elon,2020,222.5,12.3775,,
Florida,2011,1.0,324.62,,
Florida,2012,6.0,291.43,,
Florida,2013,5.0,291.04333333333335,,
Florida,2014,4.5,291.255,0.436,0.639
Florida,2015,6.5,276.95,0.522,0.426
Florida,2016,9.0,269.255,0.311,0.218
Florida,2017,11.25,261.9275,0.802,0.727
Florida,2018,13.25,251.7625,0.704,0.721
Florida,2019,14.5,249.8025,0.857,0.854
Florida,2020,11.5,262.15000000000003,0.572,0.631
Florida,2021,10.5,265.1575,0.27,0.41
Florida,2022,11.0,267.755,0.31,0.302
Florida,2023,11.75,261.1125,0.367,0.438
Florida A&M,2014,172.0,15.66,,
Florida A&M,2015,233.5,7.815,,
Florida A&M,2016,208.66666666666666,16.186666666666667,,
Florida A&M,2017,193.25,27.9675,,
Florida A&M,2018,201.75,28.575000000000003,,
Florida A&M,2019,181.5,30.840000000000003,,
Florida A&M,2022,224.0,9.48,,
Florida A&M,2023,187.0,21.255,,
Florida Atlantic,2011,118.0,66.11,,
Florida Atlantic,2012,110.5,63.3,,
Florida Atlantic,2013,101.0,84.10666666666667,,
Florida Atlantic,2014,99.75,92.97500000000001,,
Florida Atlantic,2015,93.75,104.39,,
Florida Atlantic,2016,87.75,125.77250000000001,,
Florida Atlantic,2017,89.5,127.52749999999999,,
Florida Atlantic,2018,80.5,140.4275,,
Florida Atlantic,2019,75.75,153.46,,
Florida Atlantic,2020,71.0,161.7025,,
Florida Atlantic,2021,67.0,169.14499999999998,,
Florida Atlantic,2022,72.5,164.6525,,
Florida Atlantic,2023,84.75,147.36,,
Florida International,2011,82.0,153.54,,
Florida International,2012,87.0,114.88999999999999,,
Florida International,2013,84.33333333333333,121.41333333333334,,
Florida International,2014,91.75,115.58000000000001,,
Florida International,2015,98.5,102.36000000000001,,
Florida International,2016,100.5,113.405,,
Florida International,2017,106.75,109.74,,
Florida International,2018,99.0,119.6575,,
Florida International,2019,89.0,137.88750000000002,,
Florida International,2020,86.0,145.92499999999998,,
Florida International,2021,78.5,156.54250000000002,,
Florida International,2023,81.66666666666667,155.65666666666667,,
Florida State,2011,8.0,271.41,,
Florida State,2012,5.0,284.22,,
Florida State,2013,4.666666666666667,286.18333333333334,,
Florida State,2014,6.25,280.31,0.617,0.621
Florida State,2015,5.25,284.155,0.308,0.372
Florida State,2016,5.5,281.6625,0.773,0.749
Florida State,2017,5.25,282.84250000000003,0.597,0.562
Florida State,2018,4.0,290.39,0.639,0.874
Florida State,2019,5.75,285.04749999999996,0.526,0.421
Florida State,2020,9.75,274.36,0.623,0.527
Florida State,2021,14.5,260.255,0.85,0.735
Florida State,2022,18.5,240.77750000000003,0.738,0.598
Florida State,2023,20.75,231.78750000000002,0.785,0.792
Fordham,2014,195.0,8.51,,
Fordham,2015,183.0,13.715,,
Fordham,2016,200.33333333333334,10.81,,
Fordham,2017,203.0,12.887500000000001,,
Fordham,2018,203.25,16.997500000000002,,
Fordham,2019,202.5,19.080000000000002,,
Fordham,2020,190.25,25.9525,,
Fordham,2021,186.25,26.535,,
Fresno State,2011,69.0,175.17,,
Fresno State,2012,83.5,121.23499999999999,,
Fresno State,2013,94.0,110.69666666666667,,
Fresno State,2014,89.25,118.7125,,
Fresno State,2015,93.0,106.025,,
Fresno State,2016,86.5,127.955,,
Fresno State,2017,79.0,139.85500000000002,,
Fresno State,2018,81.25,138.6,,
Fresno State,2019,83.25,142.9275,,
Fresno State,2020,87.0,142.5475,,
Fresno State,2021,96.0,141.12,,
Fresno State,2022,93.5,146.4625,,
Fresno State,2023,88.5,151.895,,
Furman,2013,187.0,3.31,,
Furman,2014,161.5,20.195,,
Furman,2015,157.0,23.74,,
Furman,2016,157.75,26.035,,
Furman,2017,153.5,36.5125,,
Furman,2018,174.25,30.392500000000002,,
Furman,2019,176.75,31.3,,
Furman,2020,181.75,31.7425,,
Furman,2022,165.33333333333334,37.43333333333334,,
Gardner-Webb,2013,135.0,22.12,,
Gardner-Webb,2015,172.5,14.05,,
Gardner-Webb,2016,178.0,14.966666666666669,,
Gardner-Webb,2017,196.33333333333334,17.343333333333334,,
Gardner-Webb,2018,212.0,16.006666666666664,,
Gardner-Webb,2019,203.25,17.805,,
Gardner-Webb,2021,225.0,10.49,,
Georgetown,2014,217.0,0.0,,
Georgetown,2015,216.5,4.465,,
Georgetown,2016,220.66666666666666,5.283333333333333,,
Georgetown,2019,218.5,13.440000000000001,,
Georgetown,2020,187.0,32.769999999999996,,
Georgetown,2021,164.5,43.254999999999995,,
Georgetown,2022,158.66666666666666,38.64333333333333,,
Georgia,2011,11.0,259.87,,
Georgia,2012,9.0,269.025,,
Georgia,2013,9.0,270.54,,
Georgia,2014,9.75,268.0,0.513,0.528
Georgia,2015,9.0,271.38,0.461,0.558
Georgia,2016,8.75,272.47,0.778,0.802
Georgia,2017,8.0,274.405,0.804,0.895
Georgia,2018,5.75,284.71000000000004,0.627,0.597
Georgia,2019,4.0,297.19,0.532,0.601
Georgia,2020,3.0,303.83500000000004,0.356,0.304
Georgia,2021,1.75,311.8425,0.97,0.923
Georgia,2022,1.75,310.08,0.683,0.63
Georgia,2023,2.25,308.8375,0.43,0.446
Georgia Southern,2012,121.0,13.33,,
Georgia Southern,2013,126.0,19.215,,
Georgia Southern,2014,129.0,26.473333333333333,,
Georgia Southern,2015,120.66666666666667,59.11333333333334,,
Georgia Southern,2016,111.75,78.63000000000001,,
Georgia Southern,2017,98.25,109.70500000000001,,
Georgia Southern,2018,91.0,129.1525,,
Georgia Southern,2019,89.5,138.0,,
Georgia Southern,2020,98.5,135.015,,
Georgia Southern,2021,103.75,133.97,,
Georgia Southern,2022,100.25,139.715,,
Georgia Southern,2023,105.25,132.0,,
Georgia State,2012,125.0,0.0,,
Georgia State,2013,126.5,14.175,,
Georgia State,2014,121.33333333333333,43.13333333333333,,
Georgia State,2015,114.66666666666667,77.43666666666665,,
Georgia State,2016,117.0,80.73,,
Georgia State,2017,116.75,97.72250000000001,,
Georgia State,2018,115.25,102.26750000000001,,
Georgia State,2019,112.75,111.6525,,
Georgia State,2020,106.25,124.0925,,
Georgia State,2021,102.0,135.14249999999998,,
Georgia State,2022,101.25,138.97250000000003,,
Georgia State,2023,102.5,134.875,,
Georgia Tech,2011,43.0,201.21,,
Georgia Tech,2012,43.0,188.025,,
Georgia Tech,2013,46.333333333333336,186.49,,
Georgia Tech,2014,52.25,177.20250000000001,0.441,0.367
Georgia Tech,2015,55.0,170.82750000000001,0.441,0.413
Georgia Tech,2016,55.25,173.48,0.883,0.855
Georgia Tech,2017,57.0,169.4075,0.506,0.347
Georgia Tech,2018,51.5,178.1725,0.749,0.867
Georgia Tech,2019,49.0,183.48000000000002,0.471,0.506
Georgia Tech,2020,50.75,184.1875,0.994,0.888
Georgia Tech,2021,42.25,198.0875,0.829,0.901
Georgia Tech,2022,42.0,198.6925,0.629,0.407
Georgia Tech,2023,44.5,195.66,0.366,0.382
Grambling,2013,171.0,6.67,,
Grambling,2014,188.0,6.67,,
Grambling,2018,197.0,13.18,,
Grambling,2019,149.0,44.91,,
Grambling,2020,190.5,27.775,,
Grambling,2021,191.33333333333334,25.933333333333334,,
Grambling,2022,182.0,25.572499999999998,,
Grand Valley State University,2015,153.0,24.73,,
Grand Valley State University,2016,179.0,18.465,,
Grand Valley State University,2017,169.33333333333334,32.39333333333334,,
Grand Valley State University,2018,163.66666666666666,50.81,,
Grand Valley State University,2019,165.0,44.905,,
Grand Valley State University,2022,169.0,34.410000000000004,,
Grand Valley State University,2023,154.0,38.870000000000005,,
Hampton,2014,143.0,17.8,,
Hampton,2015,178.5,13.42,,
Hampton,2016,187.0,13.236666666666665,,
Hampton,2019,211.0,14.239999999999998,,
Hampton,2020,224.5,13.305,,
Harvard,2012,126.0,13.29,,
Harvard,2013,147.5,9.98,,
Harvard,2014,141.66666666666666,23.823333333333334,,
Harvard,2015,141.25,28.18,,
Harvard,2016,142.0,41.699999999999996,,
Harvard,2017,134.5,58.7425,,
Harvard,2018,133.25,70.655,,
Harvard,2019,132.0,80.8575,,
Harvard,2020,131.5,94.2875,,
Harvard,2021,131.75,94.995,,
Harvard,2022,132.75,87.72500000000001,,
Harvard,2023,133.0,78.725,,
Hawai'i,2011,80.0,155.71,,
Hawai'i,2012,87.0,114.74000000000001,,
Hawai'i,2013,86.0,117.85666666666668,,
Hawai'i,2014,84.0,123.26750000000001,,
Hawai'i,2015,88.75,111.425,,
Hawai'i,2016,95.75,117.52250000000001,,
Hawai'i,2017,101.75,114.4675,,
Hawai'i,2018,103.75,113.08250000000001,,
Hawai'i,2019,103.0,120.61250000000001,,
Hawai'i,2020,101.25,128.455,,
Hawai'i,2021,106.0,131.57500000000002,,
Hawai'i,2022,116.25,120.6225,,
Hawai'i,2023,123.75,107.25,,
Holy Cross,2014,128.0,11.46,,
Holy Cross,2015,156.0,13.475000000000001,,
Holy Cross,2016,193.5,14.39,,
Holy Cross,2017,200.0,15.866666666666667,,
Holy Cross,2018,196.25,19.535,,
Holy Cross,2019,198.5,19.7275,,
Holy Cross,2020,188.0,29.365000000000002,,
Holy Cross,2021,175.25,35.1525,,
Houston,2011,55.0,185.42,,
Houston,2012,64.0,159.52999999999997,,
Houston,2013,61.333333333333336,165.12666666666667,,
Houston,2014,60.25,166.695,0.84,0.884
Houston,2015,65.25,156.40499999999997,0.696,0.642
Houston,2016,69.25,155.89,0.709,0.615
Houston,2017,64.25,162.185,0.396,0.486
Houston,2018,67.25,159.42000000000002,0.321,0.32
Houston,2019,66.75,165.07000000000002,0.884,0.892
Houston,2020,62.5,173.5225,0.784,0.757
Houston,2021,74.0,161.9775,0.668,0.723
Houston,2022,77.0,160.26,0.77,0.834
Houston,2023,71.25,165.45499999999998,0.234,0.269
Houston Christian,2014,180.0,12.64,,
Houston Christian,2016,196.5,10.99,,
Houston Christian,2017,210.66666666666666,10.643333333333333,,
Houston Christian,2018,210.0,17.849999999999998,,
Houston Christian,2019,197.66666666666666,22.756666666666664,,
Houston Christian,2020,189.25,28.95,,
Houston Christian,2023,181.0,34.04,,
Howard,2016,242.0,3.98,,
Howard,2017,263.5,1.975,,
Howard,2018,239.33333333333334,10.566666666666666,,
Howard,2019,210.66666666666666,20.81,,
Howard,2021,171.66666666666666,35.193333333333335,,
Howard,2022,157.66666666666666,35.04333333333333,,
Howard,2023,159.66666666666666,28.19666666666667,,
Idaho,2011,97.0,140.01,,
Idaho,2012,107.0,94.395,,
Idaho,2013,108.0,94.95333333333333,,
Idaho,2014,112.0,91.2425,,
Idaho,2015,120.0,75.705,,
Idaho,2016,121.0,88.145,,
Idaho,2017,124.25,89.4825,,
Idaho,2018,126.75,90.295,,
Idaho,2019,127.5,93.38000000000001,,
Idaho,2020,131.5,93.5425,,
Idaho,2021,134.25,92.295,,
Idaho,2022,133.75,87.05,,
Idaho,2023,137.75,71.3275,,
Idaho State,2014,178.0,6.5,,
Idaho State,2015,186.0,9.895,,
Idaho State,2016,198.66666666666666,9.453333333333333,,
Idaho State,2017,195.66666666666666,22.426666666666666,,
Idaho State,2018,205.25,18.8625,,
Idaho State,2019,201.5,20.972499999999997,,
Idaho State,2020,182.0,36.8875,,
Illinois,2011,61.0,180.07,,
Illinois,2012,49.0,181.995,,
Illinois,2013,53.666666666666664,175.35999999999999,,
Illinois,2014,53.0,175.60750000000002,0.262,0.387
Illinois,2015,55.75,168.92749999999998,0.73,0.555
Illinois,2016,58.5,168.38250000000002,0.688,0.71
Illinois,2017,61.0,166.27,0.508,0.541
Illinois,2018,59.75,168.4925,0.764,0.368
Illinois,2019,55.25,176.6125,0.632,0.463
Illinois,2020,56.5,177.27,0.836,0.711
Illinois,2021,60.0,177.085,0.868,0.896
Illinois,2022,66.75,170.555,0.55,0.694
Illinois,2023,64.75,172.245,0.321,0.268
Illinois State,2014,158.0,22.06,,
Illinois State,2015,144.0,49.025,,
Illinois State,2016,150.33333333333334,43.44333333333333,,
Illinois State,2017,158.25,41.3125,,
Illinois State,2018,157.75,49.435,,
Illinois State,2019,166.0,38.1125,,
Illinois State,2020,162.5,47.33500000000001,,
Illinois State,2023,151.0,62.755,,
Indiana,2011,77.0,164.39,,
Indiana,2012,66.0,161.505,,
Indiana,2013,63.0,166.17999999999998,,
Indiana,2014,57.75,172.2175,0.446,0.546
Indiana,2015,50.5,176.235,0.271,0.471
Indiana,2016,50.0,180.4175,0.387,0.47
Indiana,2017,49.0,179.5925,0.635,0.609
Indiana,2018,54.0,174.00750000000002,0.291,0.483
Indiana,2019,54.5,176.585,0.82,0.871
Indiana,2020,50.25,183.405,0.593,0.594
Indiana,2021,51.5,184.695,0.878,0.678
Indiana,2022,49.5,187.14249999999998,0.245,0.377
Indiana,2023,43.5,194.4,0.358,0.345
Indiana State,2013,137.0,0.0,,
Indiana State,2014,141.5,14.365,,
Indiana State,2015,144.33333333333334,19.686666666666667,,
Indiana State,2016,160.33333333333334,26.23,,
Indiana State,2017,164.25,29.515,,
Indiana State,2018,177.0,28.485,,
Indiana State,2019,199.25,22.134999999999998,,
Indiana State,2020,199.75,25.31,,
Iowa,2011,36.0,208.14,,
Iowa,2012,31.0,208.39,,
Iowa,2013,34.0,205.95333333333335,,
Iowa,2014,39.5,197.455,0.825,0.952
Iowa,2015,45.0,188.38,0.333,0.356
Iowa,2016,53.25,178.71750000000003,0.839,0.744
Iowa,2017,55.0,173.79500000000002,0.304,0.264
Iowa,2018,51.25,178.665,0.827,0.598
Iowa,2019,46.5,186.54,0.609,0.811
Iowa,2020,42.0,193.88250000000002,0.581,0.522
Iowa,2021,39.0,199.4875,0.624,0.765
Iowa,2022,34.5,205.1,0.919,0.648
Iowa,2023,32.25,208.0275,0.409,0.426
Iowa State,2011,68.0,175.2,,
Iowa State,2012,63.5,164.53,,
Iowa State,2013,64.66666666666667,161.48999999999998,,
Iowa State,2014,64.25,160.9975,0.792,0.788
Iowa State,2015,62.0,160.11,0.706,0.657
Iowa State,2016,63.25,163.26999999999998,0.632,0.573
Iowa State,2017,60.25,167.0625,0.908,0.944
Iowa State,2018,57.5,172.315,0.567,0.657
Iowa State,2019,56.5,175.70000000000002,0.574,0.47
Iowa State,2020,52.0,182.13750000000002,0.754,0.817
Iowa State,2021,49.75,187.21749999999997,0.929,0.895
Iowa State,2022,51.5,185.98000000000002,0.31,0.222
Iowa State,2023,47.5,190.95250000000001,0.638,0.687
Jackson State,2014,148.0,28.24,,
Jackson State,2015,168.0,21.235,,
Jackson State,2016,184.66666666666666,17.343333333333334,,
Jackson State,2017,184.75,20.9575,,
Jackson State,2021,188.0,28.73,,
Jackson State,2022,85.0,147.9,,
Jackson State,2023,103.5,124.41,,
Jacksonville,2014,174.0,14.62,,
Jacksonville,2015,186.0,13.78,,
Jacksonville,2018,231.5,6.455,,
Jacksonville State,2014,134.0,42.28,,
Jacksonville State,2015,135.0,45.095,,
Jacksonville State,2016,134.33333333333334,49.73,,
Jacksonville State,2017,138.5,51.8125,,
Jacksonville State,2018,142.0,57.7575,,
Jacksonville State,2019,143.5,64.005,,
Jacksonville State,2020,146.5,69.0625,,
Jacksonville State,2021,161.25,58.67,,
Jacksonville State,2022,164.25,46.3625,,
Jacksonville State,2023,166.25,34.485,,
James Madison,2013,124.0,54.11,,
James Madison,2014,151.0,33.885,,
James Madison,2015,156.0,29.323333333333334,,
James Madison,2016,150.75,33.595,,
James Madison,2017,158.75,33.9975,,
James Madison,2018,151.0,47.50999999999999,,
James Madison,2019,152.25,49.1425,,
James Madison,2020,155.25,55.07,,
James Madison,2021,158.75,49.91,,
James Madison,2022,157.0,44.5175,,
James Madison,2023,153.25,43.32,,
Kansas,2011,64.0,177.9,,
Kansas,2012,52.0,178.335,,
Kansas,2013,61.666666666666664,161.58,,
Kansas,2014,58.5,166.255,0.77,0.322
Kansas,2015,55.0,166.065,0.352,0.543
Kansas,2016,63.25,159.85750000000002,0.767,0.759
Kansas,2017,60.5,167.6375,0.404,0.435
Kansas,2018,66.0,162.40499999999997,0.851,0.845
Kansas,2019,68.5,162.76749999999998,0.416,0.504
Kansas,2020,67.75,165.7425,0.431,0.439
Kansas,2021,64.5,170.6875,0.84,0.841
Kansas,2022,59.75,176.63250000000002,0.727,0.722
Kansas,2023,73.75,158.555,1.003,0.937
Kansas State,2011,76.0,164.45,,
Kansas State,2012,63.5,163.1,,
Kansas State,2013,66.66666666666667,155.29,,
Kansas State,2014,66.0,156.14499999999998,0.743,0.506
Kansas State,2015,59.25,159.605,0.13,0.233
Kansas State,2016,60.0,162.92249999999999,0.68,0.775
Kansas State,2017,59.75,166.8775,0.817,0.789
Kansas State,2018,59.0,169.5425,0.573,0.724
Kansas State,2019,63.25,168.8825,0.533,0.396
Kansas State,2020,65.25,169.47750000000002,0.754,0.684
Kansas State,2021,60.0,176.22,0.91,0.785
Kansas State,2022,58.75,178.1225,0.541,0.585
Kansas State,2023,58.0,177.54,0.49,0.369
Kennesaw State,2015,146.0,32.95,,
Kennesaw State,2016,169.5,24.39,,
Kennesaw State,2017,182.0,22.926666666666666,,
Kennesaw State,2018,176.5,30.1625,,
Kennesaw State,2019,176.75,35.11,,
Kennesaw State,2020,166.0,48.432500000000005,,
Kennesaw State,2021,152.75,57.220000000000006,,
Kennesaw State,2023,153.66666666666666,48.29333333333333,,
Kent State,2011,101.0,138.28,,
Kent State,2012,110.0,91.925,,
Kent State,2013,107.33333333333333,96.31,,
Kent State,2014,110.0,96.05,,
Kent State,2015,115.5,83.1425,,
Kent State,2016,111.25,101.7325,,
Kent State,2017,118.5,96.155,,
Kent State,2018,121.0,96.0575,,
Kent State,2019,115.25,106.325,,
Kent State,2020,115.25,110.8725,,
Kent State,2021,109.5,125.56,,
Kent State,2022,107.0,131.68,,
Kent State,2023,104.5,133.91,,
Kentucky,2011,49.0,190.83,,
Kentucky,2012,42.5,187.86,,
Kentucky,2013,45.0,187.84333333333333,,
Kentucky,2014,42.25,189.77,0.537,0.525
Kentucky,2015,35.5,198.4125,0.722,0.818
Kentucky,2016,36.0,200.4875,0.787,0.648
Kentucky,2017,32.0,204.5525,0.665,0.654
Kentucky,2018,31.0,207.5975,0.335,0.471
Kentucky,2019,34.75,202.97500000000002,0.602,0.568
Kentucky,2020,33.75,205.55,0.52,0.657
Kentucky,2021,31.0,212.0,0.386,0.423
Kentucky,2022,31.5,211.3225,0.621,0.642
Kentucky,2023,25.75,219.635,0.481,0.417
LSU,2011,9.0,267.84,,
LSU,2012,8.5,270.245,,
LSU,2013,10.0,264.34666666666664,,
LSU,2014,9.0,268.5225,0.118,0.25
LSU,2015,7.25,276.385,0.792,0.77
LSU,2016,6.5,279.315,0.93,0.956
LSU,2017,3.75,289.935,0.686,0.685
LSU,2018,4.0,291.58750000000003,0.17,0.158
LSU,2019,7.25,280.36,0.858,0.731
LSU,2020,7.25,280.2825,0.252,0.273
LSU,2021,7.75,281.66,0.602,0.668
LSU,2022,7.0,282.5875,0.484,0.287
LSU,2023,6.25,280.4325,0.845,0.888
Lafayette,2015,181.0,15.94,,
Lafayette,2016,165.5,25.915,,
Lafayette,2017,185.0,22.09,,
Lafayette,2018,181.25,26.63,,
Lafayette,2019,181.0,27.675,,
Lafayette,2020,202.75,20.807499999999997,,
Lafayette,2021,206.75,18.94,,
Lamar,2013,150.0,11.11,,
Lamar,2014,161.5,13.05,,
Lamar,2015,167.66666666666666,14.186666666666667,,
Lamar,2016,184.0,12.2175,,
Lamar,2017,180.25,29.27,,
Lamar,2018,178.5,37.33,,
Lamar,2019,171.5,43.6275,,
Lamar,2021,164.33333333333334,41.550000000000004,,
Lamar,2022,156.0,38.93333333333334,,
Lehigh,2013,156.0,10.54,,
Lehigh,2014,160.5,15.325,,
Lehigh,2015,182.0,12.693333333333333,,
Lehigh,2016,182.0,14.8325,,
Lehigh,2017,187.5,21.63,,
Lehigh,2018,195.75,22.667499999999997,,
Lehigh,2020,193.33333333333334,24.633333333333336,,
Lehigh,2021,213.66666666666666,14.38,,
Lehigh,2022,202.33333333333334,11.216666666666667,,
Liberty,2012,125.0,13.33,,
Liberty,2014,129.5,17.98,,
Liberty,2015,161.0,14.53,,
Liberty,2016,166.66666666666666,22.796666666666667,,
Liberty,2017,182.0,27.136666666666667,,
Liberty,2018,179.25,30.394999999999996,,
Liberty,2019,157.5,48.57,,
Liberty,2020,155.75,66.13499999999999,,
Liberty,2021,134.5,93.8475,,
Liberty,2022,119.5,116.08999999999999,,
Liberty,2023,109.75,127.6,,
Louisiana,2011,115.0,86.44,,
Louisiana,2012,99.5,88.97999999999999,,
Louisiana,2013,102.0,91.85000000000001,,
Louisiana,2014,96.5,103.475,,
Louisiana,2015,94.5,107.48749999999998,,
Louisiana,2016,93.0,121.1525,,
Louisiana,2017,92.75,125.7125,,
Louisiana,2018,103.0,117.20750000000001,,
Louisiana,2019,102.5,122.8125,,
Louisiana,2020,102.0,125.88,,
Louisiana,2021,95.25,136.5075,,
Louisiana,2022,84.75,149.12,,
Louisiana,2023,86.25,146.82,,
Louisiana Tech,2011,81.0,154.22,,
Louisiana Tech,2012,97.0,102.905,,
Louisiana Tech,2013,97.33333333333333,105.90333333333335,,
Louisiana Tech,2014,95.25,110.555,,
Louisiana Tech,2015,97.25,101.79250000000002,,
Louisiana Tech,2016,89.5,124.475,,
Louisiana Tech,2017,88.5,128.72750000000002,,
Louisiana Tech,2018,91.25,128.03,,
Louisiana Tech,2019,88.25,138.78249999999997,,
Louisiana Tech,2020,88.5,142.0675,,
Louisiana Tech,2021,83.75,150.36,,
Louisiana Tech,2022,89.0,147.04250000000002,,
Louisiana Tech,2023,91.75,141.56500000000003,,
Louisville,2011,44.0,197.18,,
Louisville,2012,35.5,202.76,,
Louisville,2013,38.666666666666664,199.96000000000004,,
Louisville,2014,38.0,198.47750000000002,0.378,0.373
Louisville,2015,38.25,195.0925,0.596,0.619
Louisville,2016,39.75,193.3575,0.995,0.992
Louisville,2017,38.0,193.77249999999998,0.67,0.699
Louisville,2018,37.5,196.5525,0.373,0.302
Louisville,2019,33.75,204.0375,0.82,0.728
Louisville,2020,42.75,195.17,0.912,0.961
Louisville,2021,43.75,194.78,0.638,0.695
Louisville,2022,44.75,192.99500000000003,0.641,0.653
Louisville,2023,50.0,186.495,0.231,0.395
Maine,2014,200.0,7.32,,
Maine,2015,217.0,6.955,,
Maine,2016,219.0,7.59,,
Maine,2017,235.75,5.665,,
Maine,2019,245.0,6.330000000000001,,
Maine,2021,215.5,16.155,,
Marist,2015,279.0,-0.03,,
Marist,2017,239.0,6.82,,
Marist,2020,243.0,6.67,,
Marshall,2011,78.0,164.29,,
Marshall,2012,69.0,158.565,,
Marshall,2013,72.0,150.68666666666664,,
Marshall,2014,68.5,155.7175,,
Marshall,2015,64.5,156.055,,
Marshall,2016,68.25,155.34,,
Marshall,2017,61.5,165.745,,
Marshall,2018,68.75,156.2525,,
Marshall,2019,71.75,156.305,,
Marshall,2020,70.75,160.16500000000002,,
Marshall,2021,82.0,152.5625,,
Marshall,2022,91.5,144.74,,
Marshall,2023,87.25,147.39499999999998,,
Maryland,2011,39.0,205.67,,
Maryland,2012,44.5,184.32,,
Maryland,2013,42.0,191.20000000000002,,
Maryland,2014,41.0,191.6775,0.879,0.946
Maryland,2015,41.5,188.00500000000002,0.297,0.34
Maryland,2016,40.75,192.84,0.87,0.799
Maryland,2017,41.75,189.13750000000002,0.44,0.422
Maryland,2018,36.75,198.4025,0.668,0.792
Maryland,2019,33.5,205.2425,0.724,0.587
Maryland,2020,33.5,207.70999999999998,0.583,0.501
Maryland,2021,31.0,212.59,0.654,0.675
Maryland,2022,31.25,212.62,0.711,0.676
Maryland,2023,32.0,211.44,0.784,0.88
Massachusetts,2012,130.0,6.67,,
Massachusetts,2013,134.0,13.29,,
Massachusetts,2014,123.0,46.376666666666665,,
Massachusetts,2015,122.25,56.75749999999999,,
Massachusetts,2016,116.5,84.62,,
Massachusetts,2017,103.5,113.6525,,
Massachusetts,2018,105.75,114.47,,
Massachusetts,2019,102.75,123.41,,
Massachusetts,2020,104.25,126.57749999999999,,
Massachusetts,2021,107.75,128.8225,,
Massachusetts,2022,109.5,130.30249999999998,,
Massachusetts,2023,111.75,125.875,,
McNeese,2013,136.0,21.19,,
McNeese,2014,153.5,18.71,,
McNeese,2015,165.33333333333334,17.203333333333333,,
McNeese,2016,177.25,15.634999999999998,,
McNeese,2017,184.0,22.032500000000002,,
McNeese,2018,187.25,25.729999999999997,,
McNeese,2019,189.75,25.7975,,
McNeese,2021,184.33333333333334,28.47,,
McNeese,2023,169.5,26.55,,
Memphis,2011,71.0,172.54,,
Memphis,2012,74.0,147.51,,
Memphis,2013,80.0,137.27333333333334,,
Memphis,2014,82.5,133.845,,
Memphis,2015,84.25,124.68750000000001,,
Memphis,2016,84.25,130.765,,
Memphis,2017,76.5,143.06,,
Memphis,2018,68.0,156.57,,
Memphis,2019,68.75,161.9125,,
Memphis,2020,66.25,168.315,,
Memphis,2021,67.75,168.2375,,
Memphis,2022,65.25,170.665,,
Memphis,2023,59.5,175.4425,,
Mercer,2015,160.0,23.5,,
Mercer,2016,168.0,23.395,,
Mercer,2017,174.33333333333334,25.583333333333332,,
Mercer,2018,165.25,39.059999999999995,,
Mercer,2019,159.75,53.2425,,
Mercer,2020,150.5,70.5525,,
Miami,2011,14.0,249.55,,
Miami,2012,23.5,224.115,,
Miami,2013,19.0,239.05333333333337,,
Miami,2014,17.75,241.70499999999998,0.408,0.456
Miami,2015,17.25,243.33750000000003,0.651,0.844
Miami,2016,15.75,247.54000000000002,0.785,0.866
Miami,2017,18.75,238.25249999999997,0.305,0.324
Miami,2018,18.25,238.005,0.722,0.803
Miami,2019,17.25,244.2025,0.487,0.524
Miami,2020,17.25,245.8475,0.554,0.476
Miami,2021,15.0,252.07999999999998,0.835,0.882
Miami,2022,15.0,255.69249999999997,0.678,0.589
Miami,2023,17.0,244.23249999999996,0.662,0.637
Miami (OH),2011,100.0,138.32,,
Miami (OH),2012,103.5,97.82,,
Miami (OH),2013,98.0,105.55,,
Miami (OH),2014,100.0,106.0025,,
Miami (OH),2015,106.25,92.6125,,
Miami (OH),2016,98.0,115.9025,,
Miami (OH),2017,99.5,118.0975,,
Miami (OH),2018,96.5,122.94,,
Miami (OH),2019,97.75,127.53999999999999,,
Miami (OH),2020,101.5,127.70249999999999,,
Miami (OH),2021,100.5,132.9075,,
Miami (OH),2022,99.0,137.7325,,
Miami (OH),2023,85.75,150.185,,
Michigan,2011,17.0,237.54,,
Michigan,2012,23.5,221.35,,
Michigan,2013,17.666666666666668,241.2733333333333,,
Michigan,2014,14.25,253.14,0.658,0.696
Michigan,2015,15.0,252.14,0.507,0.434
Michigan,2016,16.75,249.555,0.501,0.531
Michigan,2017,17.25,249.37,0.624,0.619
Michigan,2018,17.5,251.1925,0.763,0.561
Michigan,2019,18.0,250.4475,0.752,0.618
Michigan,2020,10.75,271.03,0.107,0.115
Michigan,2021,12.25,265.02,0.536,0.531
Michigan,2022,13.5,258.205,0.78,0.741
Michigan,2023,10.25,266.09749999999997,0.777,0.825
Michigan State,2011,22.0,225.56,,
Michigan State,2012,27.0,212.195,,
Michigan State,2013,29.333333333333332,211.72000000000003,,
Michigan State,2014,31.25,207.28000000000003,1.016,0.969
Michigan State,2015,32.25,205.29500000000002,0.599,0.576
Michigan State,2016,30.0,211.03,0.226,0.46
Michigan State,2017,25.75,218.12,0.191,0.441
Michigan State,2018,25.5,220.5425,0.946,0.817
Michigan State,2019,26.75,219.19,0.929,0.861
Michigan State,2020,29.0,217.55,0.149,0.396
Michigan State,2021,35.5,206.0975,0.571,0.671
Michigan State,2022,37.25,202.835,0.711,0.644
Michigan State,2023,35.5,205.24,0.21,0.254
Middle Tennessee,2011,114.0,88.46,,
Middle Tennessee,2012,106.5,77.565,,
Middle Tennessee,2013,110.66666666666667,80.87333333333333,,
Middle Tennessee,2014,104.75,91.96249999999999,,
Middle Tennessee,2015,97.5,100.855,,
Middle Tennessee,2016,94.25,117.88000000000001,,
Middle Tennessee,2017,88.5,128.0725,,
Middle Tennessee,2018,89.5,128.79,,
Middle Tennessee,2019,94.25,129.10999999999999,,
Middle Tennessee,2020,94.0,134.025,,
Middle Tennessee,2021,92.5,139.60999999999999,,
Middle Tennessee,2022,100.5,134.39,,
Middle Tennessee,2023,104.5,128.5725,,
Minnesota,2011,52.0,186.47,,
Minnesota,2012,54.5,171.81,,
Minnesota,2013,56.0,171.54,,
Minnesota,2014,58.75,166.6825,0.624,0.652
Minnesota,2015,60.0,163.145,0.53,0.495
Minnesota,2016,61.5,165.61,0.99,0.949
Minnesota,2017,58.25,168.415,0.352,0.511
Minnesota,2018,56.25,173.2425,0.519,0.491
Minnesota,2019,51.5,181.8275,1.004,0.993
Minnesota,2020,47.0,188.695,0.727,0.632
Minnesota,2021,45.0,192.9775,0.811,0.893
Minnesota,2022,39.5,199.9725,0.866,0.674
Minnesota,2023,42.25,195.6525,0.409,0.344
Mississippi State,2011,30.0,212.47,,
Mississippi State,2012,35.5,195.285,,
Mississippi State,2013,31.0,205.90333333333334,,
Mississippi State,2014,29.25,208.1175,0.91,0.737
Mississippi State,2015,30.75,204.98,0.742,0.703
Mississippi State,2016,25.0,219.82,0.33,0.397
Mississippi State,2017,26.5,215.8125,0.782,0.758
Mississippi State,2018,26.5,217.1775,0.875,0.89
Mississippi State,2019,24.25,221.815,0.547,0.384
Mississippi State,2020,25.75,221.6,0.495,0.585
Mississippi State,2021,25.5,223.88250000000002,0.668,0.622
Mississippi State,2022,25.75,221.47750000000002,0.415,0.401
Mississippi State,2023,25.75,221.7225,0.584,0.715
Mississippi Valley State,2018,238.0,3.3,,
Missouri,2011,21.0,229.0,,
Missouri,2012,38.5,193.53,,
Missouri,2013,36.666666666666664,199.82000000000002,,
Missouri,2014,38.25,197.3425,0.312,0.373
Missouri,2015,42.25,189.72500000000002,0.474,0.649
Missouri,2016,34.5,204.70499999999998,0.656,0.623
Missouri,2017,37.0,198.6975,0.822,0.881
Missouri,2018,37.0,198.1475,0.763,0.729
Missouri,2019,38.5,197.86,0.426,0.454
Missouri,2020,41.5,193.8975,0.292,0.519
Missouri,2021,43.25,192.5175,0.742,0.673
Missouri,2022,39.25,198.16,0.34,0.299
Missouri,2023,32.25,208.045,0.651,0.83
Missouri State,2015,151.0,28.44,,
Missouri State,2016,183.0,19.22,,
Missouri State,2017,186.33333333333334,21.926666666666666,,
Missouri State,2018,185.25,24.45,,
Missouri State,2019,193.25,21.8225,,
Missouri State,2020,191.25,24.5775,,
Missouri State,2022,184.66666666666666,26.126666666666665,,
Monmouth,2014,163.0,8.39,,
Monmouth,2015,166.0,13.84,,
Monmouth,2016,162.0,20.900000000000002,,
Monmouth,2017,188.0,21.043333333333333,,
Monmouth,2018,183.0,26.002499999999998,,
Monmouth,2019,196.5,23.175,,
Monmouth,2022,225.5,9.98,,
Montana,2013,149.0,11.2,,
Montana,2015,157.5,15.57,,
Montana,2016,154.0,22.743333333333336,,
Montana,2017,150.0,44.303333333333335,,
Montana,2018,149.33333333333334,53.97666666666667,,
Montana,2019,152.5,48.1925,,
Montana,2020,152.75,56.3825,,
Montana,2021,157.25,50.2375,,
Montana,2023,164.33333333333334,42.81666666666666,,
Montana State,2013,167.0,7.32,,
Montana State,2014,162.0,14.765,,
Montana State,2015,185.33333333333334,12.056666666666667,,
Montana State,2016,195.5,11.0375,,
Montana State,2017,195.0,20.86,,
Montana State,2018,191.5,33.2975,,
Montana State,2019,166.25,55.419999999999995,,
Montana State,2020,147.5,70.155,,
Montana State,2021,139.5,83.925,,
Montana State,2022,141.75,72.11,,
Morehead State,2017,220.0,15.51,,
Morehead State,2018,236.0,10.66,,
Morgan State,2016,266.0,-0.03,,
Morgan State,2017,256.0,3.32,,
Morgan State,2018,240.33333333333334,7.46,,
Morgan State,2019,234.0,7.8325,,
Morgan State,2021,204.0,18.566666666666666,,
Murray State,2014,140.0,33.47,,
Murray State,2015,147.5,29.535,,
Murray State,2016,171.66666666666666,22.796666666666667,,
Murray State,2017,171.5,27.775,,
Murray State,2018,192.25,22.155,,
Murray State,2019,195.0,22.83,,
Murray State,2022,162.5,41.61,,
Murray State,2023,148.0,48.385000000000005,,
NC State,2011,35.0,208.25,,
NC State,2012,53.0,173.79000000000002,,
NC State,2013,52.666666666666664,177.09333333333333,,
NC State,2014,54.25,174.33,0.24,0.337
NC State,2015,54.0,172.595,0.82,0.804
NC State,2016,44.0,189.935,0.558,0.525
NC State,2017,43.5,188.4275,0.859,0.72
NC State,2018,42.0,192.03249999999997,0.788,0.689
NC State,2019,40.0,196.84749999999997,0.131,0.248
NC State,2020,40.0,198.9975,0.6,0.712
NC State,2021,37.75,203.275,0.656,0.689
NC State,2022,33.0,208.765,0.695,0.62
NC State,2023,42.5,196.43749999999997,0.385,0.449
Navy,2011,119.0,38.65,,
Navy,2012,103.0,60.105000000000004,,
Navy,2013,108.0,69.74,,
Navy,2014,110.0,76.5925,,
Navy,2015,107.25,92.405,,
Navy,2016,113.5,100.69,,
Navy,2017,106.75,111.45499999999998,,
Navy,2018,99.75,120.1,,
Navy,2019,99.25,125.8025,,
Navy,2020,102.25,128.225,,
Navy,2021,111.0,127.39749999999998,,
Navy,2022,115.75,127.34249999999999,,
Navy,2023,123.75,106.535,,
Nebraska,2011,26.0,219.7,,
Nebraska,2012,21.0,232.64999999999998,,
Nebraska,2013,24.666666666666668,226.35666666666665,,
Nebraska,2014,24.0,224.9475,0.556,0.666
Nebraska,2015,26.25,220.0825,0.644,0.696
Nebraska,2016,29.75,211.6125,0.907,0.846
Nebraska,2017,28.25,212.36,0.19,0.241
Nebraska,2018,28.5,213.26250000000002,0.438,0.483
Nebraska,2019,25.5,220.19,0.704,0.703
Nebraska,2020,22.5,228.535,0.624,0.729
Nebraska,2021,21.0,234.4125,0.611,0.499
Nebraska,2022,20.25,232.45499999999998,0.167,0.227
Nebraska,2023,24.75,225.1275,0.14,0.403
Nevada,2011,91.0,144.64,,
Nevada,2012,103.0,97.46,,
Nevada,2013,94.33333333333333,110.03666666666668,,
Nevada,2014,92.75,113.76249999999999,,
Nevada,2015,90.25,109.13999999999999,,
Nevada,2016,86.0,127.19500000000001,,
Nevada,2017,93.0,123.08749999999999,,
Nevada,2018,94.75,123.11000000000001,,
Nevada,2019,95.0,130.5625,,
Nevada,2020,93.75,136.255,,
Nevada,2021,97.25,139.68,,
Nevada,2022,95.0,145.0025,,
Nevada,2023,103.25,133.06,,
New Hampshire,2014,123.0,6.67,,
New Hampshire,2015,203.0,11.22,,
New Hampshire,2016,196.5,13.915,,
New Hampshire,2017,205.0,14.153333333333334,,
New Hampshire,2018,207.5,14.015,,
New Hampshire,2019,212.75,13.205,,
New Mexico,2011,79.0,157.08,,
New Mexico,2012,92.0,107.465,,
New Mexico,2013,93.0,109.40000000000002,,
New Mexico,2014,93.0,112.6625,,
New Mexico,2015,96.5,101.5325,,
New Mexico,2016,99.25,114.5775,,
New Mexico,2017,96.25,121.7,,
New Mexico,2018,102.5,118.55,,
New Mexico,2019,110.25,117.98749999999998,,
New Mexico,2020,111.0,122.05,,
New Mexico,2021,116.75,122.195,,
New Mexico,2022,110.75,129.92000000000002,,
New Mexico,2023,104.5,133.4075,,
New Mexico State,2011,104.0,132.06,,
New Mexico State,2012,112.5,81.095,,
New Mexico State,2013,104.33333333333333,94.20666666666666,,
New Mexico State,2014,108.25,93.675,,
New Mexico State,2015,112.75,82.3575,,
New Mexico State,2016,113.75,96.77,,
New Mexico State,2017,123.75,90.285,,
New Mexico State,2018,126.0,90.90750000000001,,
New Mexico State,2019,126.75,96.535,,
New Mexico State,2020,125.5,105.97749999999999,,
New Mexico State,2021,126.5,109.49,,
New Mexico State,2022,122.75,117.5725,,
New Mexico State,2023,118.5,119.4975,,
Nicholls,2016,147.0,32.13,,
Nicholls,2017,160.5,37.055,,
Nicholls,2019,211.5,24.325,,
Norfolk State,2012,122.0,6.67,,
Norfolk State,2014,150.5,6.515000000000001,,
Norfolk State,2015,199.0,7.5,,
Norfolk State,2016,207.66666666666666,7.66,,
North Carolina,2011,23.0,224.64,,
North Carolina,2012,20.5,227.785,,
North Carolina,2013,27.333333333333332,218.37333333333333,,
North Carolina,2014,27.5,215.38500000000002,0.492,0.628
North Carolina,2015,29.25,212.62,0.885,0.95
North Carolina,2016,31.75,208.39999999999998,0.567,0.471
North Carolina,2017,29.5,209.72,0.156,0.127
North Carolina,2018,29.75,210.06750000000002,0.824,0.831
North Carolina,2019,27.25,214.74,0.515,0.423
North Carolina,2020,27.75,215.87000000000003,0.939,0.95
North Carolina,2021,24.5,226.325,0.505,0.541
North Carolina,2022,20.75,237.85,0.447,0.356
North Carolina,2023,18.5,244.40749999999997,0.754,0.819
North Carolina A&T,2015,226.0,6.67,,
North Carolina A&T,2016,246.5,3.32,,
North Carolina A&T,2017,238.66666666666666,7.083333333333333,,
North Carolina A&T,2018,243.0,6.055,,
North Carolina A&T,2019,236.5,7.927499999999999,,
North Carolina A&T,2020,222.5,12.8575,,
North Carolina A&T,2021,223.0,12.085,,
North Carolina A&T,2022,194.5,21.0675,,
North Carolina Central,2014,181.0,4.98,,
North Carolina Central,2015,199.0,6.9350000000000005,,
North Carolina Central,2016,202.0,8.366666666666667,,
North Carolina Central,2017,208.33333333333334,14.979999999999999,,
North Carolina Central,2019,200.33333333333334,20.906666666666666,,
North Carolina Central,2020,197.33333333333334,25.49333333333333,,
North Carolina Central,2022,209.0,18.82,,
North Dakota,2013,170.0,6.67,,
North Dakota,2014,189.0,6.67,,
North Dakota,2015,226.0,4.42,,
North Dakota,2016,214.0,8.877500000000001,,
North Dakota,2017,222.25,12.700000000000001,,
North Dakota,2018,209.75,24.5225,,
North Dakota,2019,175.75,32.1,,
North Dakota,2020,180.25,33.4125,,
North Dakota,2021,184.0,31.119999999999997,,
North Dakota State,2013,136.0,0.0,,
North Dakota State,2014,177.0,0.0,,
North Dakota State,2015,165.33333333333334,12.293333333333335,,
North Dakota State,2016,164.0,33.346666666666664,,
North Dakota State,2017,157.0,44.3225,,
North Dakota State,2018,136.25,64.985,,
North Dakota State,2019,134.25,77.495,,
North Dakota State,2020,136.75,83.4375,,
North Dakota State,2022,139.0,83.76,,
North Dakota State,2023,139.33333333333334,70.28333333333335,,
North Texas,2011,117.0,83.28,,
North Texas,2012,113.0,69.22,,
North Texas,2013,108.66666666666667,82.40666666666667,,
North Texas,2014,111.25,85.20499999999998,,
North Texas,2015,107.75,90.63499999999999,,
North Texas,2016,104.0,108.495,,
North Texas,2017,104.5,111.88999999999999,,
North Texas,2018,103.5,116.28,,
North Texas,2019,103.0,121.815,,
North Texas,2020,98.25,129.86,,
North Texas,2021,89.75,140.41,,
North Texas,2022,81.0,151.0925,,
North Texas,2023,85.25,145.045,,
Northern Arizona,2014,159.0,21.71,,
Northern Arizona,2015,146.5,37.78,,
Northern Arizona,2016,141.0,47.106666666666676,,
Northern Arizona,2017,140.25,54.0825,,
Northern Arizona,2018,135.5,68.0625,,
Northern Arizona,2019,151.5,58.2525,,
Northern Arizona,2020,155.0,62.912499999999994,,
Northern Arizona,2021,155.25,65.675,,
Northern Arizona,2022,152.25,66.4975,,
Northern Colorado,2013,175.0,6.67,,
Northern Colorado,2014,172.5,11.475000000000001,,
Northern Colorado,2015,169.66666666666666,14.5,,
Northern Colorado,2016,177.5,14.207500000000001,,
Northern Colorado,2017,172.0,26.6175,,
Northern Colorado,2019,173.0,39.193333333333335,,
Northern Colorado,2020,171.66666666666666,43.89000000000001,,
Northern Colorado,2021,176.33333333333334,37.27333333333333,,
Northern Colorado,2023,184.0,24.063333333333333,,
Northern Illinois,2011,98.0,139.25,,
Northern Illinois,2012,96.5,103.535,,
Northern Illinois,2013,98.66666666666667,103.86666666666667,,
Northern Illinois,2014,99.5,105.1225,,
Northern Illinois,2015,99.5,97.69,,
Northern Illinois,2016,96.5,115.47,,
Northern Illinois,2017,98.75,117.1875,,
Northern Illinois,2018,97.5,120.64999999999999,,
Northern Illinois,2019,96.25,128.6925,,
Northern Illinois,2020,102.5,127.4975,,
Northern Illinois,2021,97.25,137.07,,
Northern Illinois,2022,95.75,142.03249999999997,,
Northern Illinois,2023,94.25,142.1475,,
Northern Iowa,2012,122.0,28.92,,
Northern Iowa,2013,133.0,23.28,,
Northern Iowa,2014,156.66666666666666,17.743333333333336,,
Northern Iowa,2015,156.75,19.387500000000003,,
Northern Iowa,2016,161.5,21.935,,
Northern Iowa,2017,161.0,34.599999999999994,,
Northern Iowa,2018,158.0,39.625,,
Northern Iowa,2019,166.0,37.765,,
Northern Iowa,2020,169.0,43.5925,,
Northern Iowa,2021,170.0,43.8375,,
Northern Iowa,2022,157.75,46.45,,
Northern Iowa,2023,147.75,48.947500000000005,,
Northwestern,2011,67.0,176.85,,
Northwestern,2012,64.0,163.72,,
Northwestern,2013,61.0,168.73333333333335,,
Northwestern,2014,59.0,170.21,0.742,0.647
Northwestern,2015,54.0,171.6675,0.405,0.442
Northwestern,2016,52.5,177.7275,0.704,0.848
Northwestern,2017,51.75,176.76500000000001,0.636,0.872
Northwestern,2018,51.0,178.6225,0.615,0.641
Northwestern,2019,53.75,177.9975,0.359,0.347
Northwestern,2020,53.0,181.325,0.841,0.969
Northwestern,2021,51.75,185.26999999999998,0.14,0.179
Northwestern,2022,51.75,185.8275,0.367,0.411
Northwestern,2023,49.25,188.6875,0.657,0.599
Northwestern State,2015,210.0,10.04,,
Northwestern State,2016,193.5,16.48,,
Northwestern State,2017,189.33333333333334,22.75333333333333,,
Northwestern State,2018,192.5,22.509999999999998,,
Northwestern State,2019,189.25,23.6725,,
Northwestern State,2021,203.66666666666666,18.69333333333333,,
Northwestern State,2022,196.33333333333334,14.943333333333333,,
Notre Dame,2011,15.0,241.92,,
Notre Dame,2012,12.0,256.65,,
Notre Dame,2013,13.666666666666666,253.83666666666667,,
Notre Dame,2014,11.5,261.57,0.457,0.627
Notre Dame,2015,10.5,266.20000000000005,0.536,0.407
Notre Dame,2016,11.5,265.3025,0.656,0.688
Notre Dame,2017,11.0,265.6075,0.516,0.388
Notre Dame,2018,12.25,257.245,0.676,0.615
Notre Dame,2019,12.0,259.35,0.659,0.617
Notre Dame,2020,12.75,257.0425,0.591,0.64
Notre Dame,2021,13.25,257.5475,0.366,0.458
Notre Dame,2022,13.0,262.005,0.418,0.402
Notre Dame,2023,12.25,263.65,0.345,0.324
Ohio,2011,112.0,101.59,,
Ohio,2012,104.0,84.695,,
Ohio,2013,100.33333333333333,95.37,,
Ohio,2014,104.5,95.725,,
Ohio,2015,102.0,96.6075,,
Ohio,2016,101.0,111.82750000000001,,
Ohio,2017,106.5,110.1025,,
Ohio,2018,103.0,116.1125,,
Ohio,2019,107.75,117.5675,,
Ohio,2020,110.5,119.925,,
Ohio,2021,114.0,121.71,,
Ohio,2022,113.0,125.9025,,
Ohio,2023,115.75,111.585,,
Ohio State,2011,18.0,237.38,,
Ohio State,2012,12.0,257.925,,
Ohio State,2013,9.666666666666666,267.32666666666665,,
Ohio State,2014,7.75,276.3325,0.62,0.571
Ohio State,2015,4.0,291.00750000000005,0.825,0.913
Ohio State,2016,4.25,291.29,0.244,0.285
Ohio State,2017,4.0,292.0375,0.603,0.766
Ohio State,2018,4.0,294.235,0.603,0.525
Ohio State,2019,3.75,299.48,0.281,0.324
Ohio State,2020,5.5,294.875,0.623,0.615
Ohio State,2021,5.75,296.365,0.47,0.401
Ohio State,2022,5.75,295.7025,0.747,0.743
Ohio State,2023,6.25,291.675,0.644,0.636
Oklahoma,2011,5.0,283.58,,
Oklahoma,2012,9.0,270.185,,
Oklahoma,2013,10.0,265.15000000000003,,
Oklahoma,2014,11.5,259.34499999999997,0.585,0.522
Oklahoma,2015,13.75,250.685,0.831,0.866
Oklahoma,2016,14.25,248.91,0.766,0.805
Oklahoma,2017,16.0,244.8225,0.594,0.526
Oklahoma,2018,14.0,252.03750000000002,0.408,0.441
Oklahoma,2019,12.75,258.95750000000004,0.363,0.424
Oklahoma,2020,10.5,266.355,0.278,0.372
Oklahoma,2021,8.5,271.5725,0.711,0.588
Oklahoma,2022,9.25,270.855,0.277,0.211
Oklahoma,2023,9.0,268.38250000000005,0.527,0.675
Oklahoma State,2011,29.0,213.1,,
Oklahoma State,2012,27.0,212.95999999999998,,
Oklahoma State,2013,28.333333333333332,213.24666666666667,,
Oklahoma State,2014,29.0,209.81500000000003,0.431,0.472
Oklahoma State,2015,28.5,210.9375,0.723,0.443
Oklahoma State,2016,32.25,205.5525,0.659,0.753
Oklahoma State,2017,35.75,198.18,0.739,0.762
Oklahoma State,2018,37.5,196.845,0.295,0.445
Oklahoma State,2019,39.25,194.93,0.438,0.312
Oklahoma State,2020,38.75,197.63250000000002,0.868,0.856
Oklahoma State,2021,38.75,199.6375,0.511,0.679
Oklahoma State,2022,39.0,200.15750000000003,0.903,0.66
Oklahoma State,2023,37.75,202.0225,0.3,0.335
Old Dominion,2012,129.0,8.32,,
Old Dominion,2013,128.0,24.445,,
Old Dominion,2014,126.0,45.453333333333326,,
Old Dominion,2015,113.75,68.1075,,
Old Dominion,2016,109.0,94.94,,
Old Dominion,2017,107.25,111.45500000000001,,
Old Dominion,2018,107.75,114.44,,
Old Dominion,2019,120.5,107.49000000000001,,
Old Dominion,2020,122.0,110.655,,
Old Dominion,2021,115.5,120.685,,
Old Dominion,2022,109.5,129.7675,,
Old Dominion,2023,104.0,132.41250000000002,,
Ole Miss,2011,24.0,223.7,,
Ole Miss,2012,22.0,225.075,,
Ole Miss,2013,30.666666666666668,213.61333333333332,,
Ole Miss,2014,25.0,229.08999999999997,0.625,0.749
Ole Miss,2015,22.75,233.445,0.547,0.445
Ole Miss,2016,22.0,238.26,0.771,0.723
Ole Miss,2017,11.25,261.01,0.303,0.369
Ole Miss,2018,17.0,244.0375,0.622,0.526
Ole Miss,2019,21.25,236.63,0.283,0.33
Ole Miss,2020,22.5,234.73000000000002,0.899,0.853
Ole Miss,2021,29.75,215.32500000000002,0.77,0.866
Ole Miss,2022,26.5,222.0575,0.032,0.107
Ole Miss,2023,24.25,224.78,0.618,0.728
Oregon,2011,12.0,250.88,,
Oregon,2012,12.0,253.98499999999999,,
Oregon,2013,12.666666666666666,253.07333333333335,,
Oregon,2014,14.25,246.595,0.707,0.807
Oregon,2015,16.5,241.985,0.478,0.56
Oregon,2016,17.5,239.16,0.608,0.514
Oregon,2017,20.75,230.4525,0.489,0.658
Oregon,2018,20.75,231.1725,0.658,0.616
Oregon,2019,18.75,238.11749999999998,0.735,0.828
Oregon,2020,16.5,246.165,0.489,0.541
Oregon,2021,12.75,256.9325,0.522,0.54
Oregon,2022,9.5,271.26750000000004,0.163,0.169
Oregon,2023,9.5,267.055,0.807,0.844
Oregon State,2011,62.0,178.62,,
Oregon State,2012,52.0,177.23000000000002,,
Oregon State,2013,49.333333333333336,183.36333333333334,,
Oregon State,2014,48.25,184.1725,,
Oregon State,2015,47.75,181.25750000000002,,
Oregon State,2016,52.5,179.27,,
Oregon State,2017,56.0,172.655,,
Oregon State,2018,57.5,171.335,,
Oregon State,2019,60.0,172.88,,
Oregon State,2020,61.25,174.12749999999997,,
Oregon State,2021,60.0,177.365,,
Oregon State,2022,74.25,164.89749999999998,,
Oregon State,2023,70.75,166.965,,
Penn State,2011,13.0,249.63,,
Penn State,2012,22.0,225.515,,
Penn State,2013,30.333333333333332,214.5533333333333,,
Penn State,2014,31.0,209.84,0.539,0.85
Penn State,2015,33.75,202.76999999999998,0.748,0.789
Penn State,2016,29.5,214.92,0.651,0.521
Penn State,2017,22.75,226.20999999999998,0.847,0.925
Penn State,2018,18.25,237.4025,0.589,0.631
Penn State,2019,13.75,253.545,0.401,0.198
Penn State,2020,13.25,258.71250000000003,0.792,0.819
Penn State,2021,12.0,263.27750000000003,0.843,0.808
Penn State,2022,13.5,257.26750000000004,0.761,0.692
Penn State,2023,13.5,255.45250000000004,0.428,0.489
Pennsylvania,2013,137.0,21.17,,
Pennsylvania,2014,138.0,27.67,,
Pennsylvania,2016,155.33333333333334,23.100000000000005,,
Pennsylvania,2017,162.33333333333334,33.85,,
Pennsylvania,2018,162.33333333333334,48.86666666666667,,
Pennsylvania,2019,147.66666666666666,63.223333333333336,,
Pennsylvania,2020,150.25,61.165000000000006,,
Pennsylvania,2021,150.0,60.33,,
Pennsylvania,2022,150.0,52.4925,,
Pennsylvania,2023,156.5,41.305,,
Pittsburgh,2011,31.0,212.43,,
Pittsburgh,2012,46.5,181.35500000000002,,
Pittsburgh,2013,45.333333333333336,187.17333333333332,,
Pittsburgh,2014,42.0,189.39,0.494,0.548
Pittsburgh,2015,45.25,183.1975,0.842,0.875
Pittsburgh,2016,41.25,191.4225,0.693,0.723
Pittsburgh,2017,38.0,194.02749999999997,0.379,0.365
Pittsburgh,2018,39.25,195.54749999999999,0.508,0.449
Pittsburgh,2019,40.0,196.93,0.51,0.584
Pittsburgh,2020,43.0,196.5175,0.738,0.782
Pittsburgh,2021,46.5,192.3725,0.854,0.935
Pittsburgh,2022,43.75,194.45499999999998,0.288,0.387
Pittsburgh,2023,51.0,184.42999999999998,0.319,0.292
Portland State,2013,130.0,26.61,,
Portland State,2014,166.0,16.71,,
Portland State,2015,155.0,32.43333333333333,,
Portland State,2016,166.75,27.6475,,
Portland State,2017,176.0,32.54,,
Portland State,2018,168.75,40.294999999999995,,
Portland State,2019,183.0,28.509999999999998,,
Portland State,2020,160.0,58.400000000000006,,
Portland State,2021,158.5,57.352500000000006,,
Portland State,2022,163.0,49.72,,
Portland State,2023,154.0,51.5,,
Prairie View A&M,2015,223.0,7.93,,
Prairie View A&M,2016,205.0,13.035,,
Prairie View A&M,2017,199.33333333333334,18.533333333333335,,
Prairie View A&M,2018,194.5,22.2425,,
Prairie View A&M,2019,183.25,25.9725,,
Prairie View A&M,2021,183.0,29.02333333333333,,
Presbyterian,2013,180.0,5.98,,
Presbyterian,2014,183.5,7.985,,
Presbyterian,2015,188.66666666666666,9.533333333333333,,
Presbyterian,2016,188.5,11.3825,,
Princeton,2014,159.0,10.24,,
Princeton,2015,154.0,20.405,,
Princeton,2016,153.33333333333334,25.36333333333333,,
Princeton,2017,158.0,36.02,,
Princeton,2018,157.25,41.025,,
Princeton,2019,149.0,63.14,,
Princeton,2020,143.5,83.1425,,
Princeton,2021,131.25,104.96750000000002,,
Princeton,2022,125.0,108.23500000000001,,
Princeton,2023,128.75,92.54,,
Purdue,2011,53.0,186.34,,
Purdue,2012,64.0,158.11,,
Purdue,2013,59.0,168.16333333333333,,
Purdue,2014,59.5,166.63500000000002,0.862,0.748
Purdue,2015,63.75,159.055,0.543,0.449
Purdue,2016,61.75,167.2975,0.69,0.711
Purdue,2017,69.5,156.5025,0.565,0.779
Purdue,2018,72.25,155.7125,0.768,0.902
Purdue,2019,67.75,163.785,0.414,0.258
Purdue,2020,57.25,179.2525,0.819,0.933
Purdue,2021,45.5,195.07500000000002,0.904,0.895
Purdue,2022,45.5,195.28250000000003,0.601,0.603
Purdue,2023,42.0,199.805,0.344,0.363
Rhode Island,2014,215.0,0.0,,
Rhode Island,2015,195.5,8.5,,
Rhode Island,2016,188.33333333333334,14.296666666666667,,
Rhode Island,2018,172.66666666666666,29.676666666666666,,
Rhode Island,2019,181.66666666666666,28.060000000000002,,
Rhode Island,2020,193.66666666666666,26.106666666666666,,
Rhode Island,2021,188.33333333333334,30.003333333333334,,
Rhode Island,2022,187.75,24.7325,,
Rice,2011,92.0,144.16,,
Rice,2012,94.5,105.935,,
Rice,2013,91.33333333333333,111.83333333333333,,
Rice,2014,91.25,114.68,,
Rice,2015,91.0,108.065,,
Rice,2016,92.0,121.16499999999999,,
Rice,2017,103.0,113.7225,,
Rice,2018,110.75,108.1975,,
Rice,2019,116.0,108.87750000000001,,
Rice,2020,118.5,111.8575,,
Rice,2021,109.5,125.31750000000001,,
Rice,2022,102.25,135.385,,
Rice,2023,104.0,130.9975,,
Richmond,2013,183.0,4.35,,
Richmond,2014,163.5,17.169999999999998,,
Richmond,2015,165.66666666666666,17.866666666666667,,
Richmond,2016,173.0,17.322499999999998,,
Richmond,2017,165.25,30.7075,,
Richmond,2018,179.25,28.885,,
Richmond,2019,192.0,26.174999999999997,,
Richmond,2020,187.5,31.1075,,
Richmond,2022,209.0,17.94,,
Robert Morris,2014,216.0,0.0,,
Robert Morris,2015,213.5,4.975,,
Robert Morris,2016,208.0,8.303333333333333,,
Rutgers,2011,54.0,186.09,,
Rutgers,2012,41.5,195.985,,
Rutgers,2013,35.333333333333336,206.07000000000002,,
Rutgers,2014,38.5,199.75,0.566,0.792
Rutgers,2015,39.0,196.7625,0.456,0.609
Rutgers,2016,45.75,188.34,0.722,0.828
Rutgers,2017,56.0,172.73,0.537,0.532
Rutgers,2018,54.5,174.785,0.476,0.412
Rutgers,2019,54.5,177.32,0.1,0.732
Rutgers,2020,56.5,177.85500000000002,0.878,0.931
Rutgers,2021,56.5,179.44,0.922,0.846
Rutgers,2022,56.25,180.105,0.646,0.709
Rutgers,2023,50.5,186.5525,0.439,0.765
SE Louisiana,2014,169.0,17.21,,
SE Louisiana,2015,177.0,16.08,,
SE Louisiana,2016,176.33333333333334,18.89,,
SE Louisiana,2017,176.0,24.415,,
SE Louisiana,2018,191.75,22.37,,
SE Louisiana,2019,197.75,21.41,,
SE Louisiana,2020,202.0,22.96,,
SE Louisiana,2022,191.33333333333334,25.286666666666665,,
SMU,2011,66.0,177.12,,
SMU,2012,66.5,160.85500000000002,,
SMU,2013,67.66666666666667,157.17666666666665,,
SMU,2014,68.75,154.98250000000002,,
SMU,2015,72.25,142.76,,
SMU,2016,75.75,142.36,,
SMU,2017,77.0,142.9725,,
SMU,2018,79.0,140.9725,,
SMU,2019,80.75,146.8325,,
SMU,2020,77.5,152.905,,
SMU,2021,79.0,154.075,,
SMU,2022,72.25,164.3775,,
SMU,2023,71.0,163.055,,
Sacramento State,2014,142.0,31.16,,
Sacramento State,2015,184.5,18.915,,
Sacramento State,2017,200.0,14.833333333333334,,
Sacramento State,2018,213.66666666666666,14.89,,
Sacramento State,2019,191.0,23.73,,
Sacramento State,2020,178.33333333333334,31.299999999999997,,
Sacramento State,2021,168.0,45.94499999999999,,
Sacramento State,2022,162.5,42.1325,,
Sacramento State,2023,165.0,37.0025,,
Sacred Heart,2017,231.0,12.5,,
Sacred Heart,2018,241.0,9.21,,
Sam Houston,2014,164.0,20.96,,
Sam Houston,2015,178.5,17.125,,
Sam Houston,2016,175.0,21.403333333333336,,
Sam Houston,2017,166.25,33.3775,,
Sam Houston,2018,161.5,45.582499999999996,,
Sam Houston,2019,156.5,48.550000000000004,,
Sam Houston,2020,155.25,53.182500000000005,,
Sam Houston,2021,166.25,42.4925,,
Sam Houston,2022,171.75,28.465,,
Sam Houston,2023,158.75,47.505,,
Samford,2014,133.0,46.1,,
Samford,2015,138.5,40.260000000000005,,
Samford,2016,140.0,39.44,,
Samford,2017,141.5,45.735,,
Samford,2018,159.0,39.64,,
Samford,2019,171.75,34.885000000000005,,
Samford,2020,189.25,30.16,,
Samford,2021,201.75,19.305,,
San Diego,2017,205.0,20.91,,
San Diego,2019,225.5,13.79,,
San Diego,2020,216.33333333333334,18.316666666666666,,
San Diego,2021,208.66666666666666,20.563333333333333,,
San Diego State,2011,75.0,165.98,,
San Diego State,2012,76.5,142.20999999999998,,
San Diego State,2013,76.0,141.26333333333332,,
San Diego State,2014,74.25,143.73999999999998,,
San Diego State,2015,73.75,139.225,,
San Diego State,2016,71.75,150.105,,
San Diego State,2017,73.5,150.74499999999998,,
San Diego State,2018,75.5,150.375,,
San Diego State,2019,77.0,153.285,,
San Diego State,2020,82.25,150.0925,,
San Diego State,2021,87.75,150.2525,,
San Diego State,2022,84.0,155.325,,
San Diego State,2023,80.5,157.5325,,
San José State,2011,96.0,140.49,,
San José State,2012,106.0,94.66,,
San José State,2013,105.33333333333333,97.48666666666668,,
San José State,2014,109.75,94.02,,
San José State,2015,106.5,90.1425,,
San José State,2016,93.0,119.72,,
San José State,2017,88.0,128.395,,
San José State,2018,81.75,138.01749999999998,,
San José State,2019,84.5,141.9875,,
San José State,2020,98.5,132.085,,
San José State,2021,106.0,131.98,,
San José State,2022,111.5,129.655,,
San José State,2023,106.75,133.6975,,
Savannah St,2015,187.0,14.24,,
Savannah St,2016,225.0,7.12,,
Savannah St,2017,217.33333333333334,12.826666666666666,,
Savannah St,2018,203.5,22.084999999999997,,
South Alabama,2012,91.0,76.36,,
South Alabama,2013,102.0,84.845,,
South Alabama,2014,98.66666666666667,97.61666666666667,,
South Alabama,2015,102.75,97.2325,,
South Alabama,2016,102.0,111.18499999999999,,
South Alabama,2017,95.5,121.3725,,
South Alabama,2018,101.5,118.1425,,
South Alabama,2019,101.5,124.13,,
South Alabama,2020,111.0,121.7875,,
South Alabama,2021,116.5,123.4025,,
South Alabama,2022,118.0,122.76249999999999,,
South Alabama,2023,115.25,122.6025,,
South Carolina,2011,34.0,210.39,,
South Carolina,2012,25.5,227.24,,
South Carolina,2013,22.0,234.41666666666666,,
South Carolina,2014,21.5,231.815,0.533,0.57
South Carolina,2015,17.75,239.05,0.349,0.284
South Carolina,2016,18.5,235.65,0.581,0.564
South Carolina,2017,21.0,227.65,0.867,0.695
South Carolina,2018,21.25,228.54250000000002,0.887,0.94
South Carolina,2019,21.0,229.22,0.717,0.772
South Carolina,2020,20.25,233.4125,0.417,0.579
South Carolina,2021,18.5,241.75,0.66,0.518
South Carolina,2022,32.25,224.1175,0.652,0.548
South Carolina,2023,34.0,218.6475,0.636,0.644
South Carolina State,2012,124.0,18.1,,
South Carolina State,2013,123.5,38.504999999999995,,
South Carolina State,2014,126.0,42.57333333333333,,
South Carolina State,2015,129.75,42.135,,
South Carolina State,2016,136.0,46.6925,,
South Carolina State,2017,153.25,38.8775,,
South Carolina State,2018,177.5,28.695,,
South Carolina State,2022,241.0,3.97,,
South Dakota,2014,209.0,6.67,,
South Dakota,2015,221.0,6.654999999999999,,
South Dakota,2016,195.66666666666666,16.956666666666667,,
South Dakota,2017,186.5,25.155,,
South Dakota,2018,170.75,40.8725,,
South Dakota,2019,158.5,43.635000000000005,,
South Dakota,2020,172.25,40.3925,,
South Dakota,2021,176.5,35.4225,,
South Dakota,2023,175.66666666666666,26.570000000000004,,
South Dakota State,2013,174.0,6.67,,
South Dakota State,2014,179.5,8.335,,
South Dakota State,2015,178.0,11.299999999999999,,
South Dakota State,2016,173.0,16.9025,,
South Dakota State,2017,166.75,30.562500000000004,,
South Dakota State,2018,156.5,45.78,,
South Dakota State,2019,172.0,42.715,,
South Dakota State,2020,186.0,38.7425,,
South Florida,2011,59.0,182.46,,
South Florida,2012,64.5,162.825,,
South Florida,2013,61.0,169.19333333333336,,
South Florida,2014,59.25,170.33,,
South Florida,2015,55.0,172.15000000000003,,
South Florida,2016,54.0,177.14,,
South Florida,2017,57.0,171.96,,
South Florida,2018,62.5,166.1875,,
South Florida,2019,68.25,162.815,,
South Florida,2020,71.0,161.63750000000002,,
South Florida,2021,79.75,157.0775,,
South Florida,2022,76.5,161.3225,,
South Florida,2023,83.0,151.38,,
Southeast Missouri State,2013,161.0,9.99,,
Southeast Missouri State,2014,184.0,8.33,,
Southeast Missouri State,2015,176.33333333333334,13.350000000000001,,
Southeast Missouri State,2016,169.25,19.2,,
Southeast Missouri State,2017,168.25,30.495,,
Southeast Missouri State,2018,161.25,37.245000000000005,,
Southeast Missouri State,2019,176.5,33.4025,,
Southeast Missouri State,2020,189.75,30.325,,
Southeast Missouri State,2022,218.66666666666666,13.810000000000002,,
Southeast Missouri State,2023,203.66666666666666,15.026666666666666,,
Southern,2014,160.0,21.62,,
Southern,2016,223.0,10.795,,
Southern,2017,213.33333333333334,16.01,,
Southern,2019,206.0,19.705000000000002,,
Southern,2023,162.0,51.2,,
Southern Illinois,2013,154.0,10.61,,
Southern Illinois,2014,152.5,17.935000000000002,,
Southern Illinois,2015,148.0,25.94333333333333,,
Southern Illinois,2016,147.5,28.7375,,
Southern Illinois,2017,163.25,30.242500000000003,,
Southern Illinois,2018,159.75,43.875,,
Southern Illinois,2019,160.75,50.765,,
Southern Illinois,2020,172.75,48.785,,
Southern Illinois,2021,176.0,47.105000000000004,,
Southern Illinois,2022,184.75,30.32,,
Southern Illinois,2023,186.75,19.255000000000003,,
Southern Miss,2011,48.0,191.15,,
Southern Miss,2012,67.0,137.395,,
Southern Miss,2013,67.33333333333333,141.79999999999998,,
Southern Miss,2014,71.0,140.465,,
Southern Miss,2015,79.5,124.1125,,
Southern Miss,2016,79.75,136.5525,,
Southern Miss,2017,87.75,130.4125,,
Southern Miss,2018,85.75,134.475,,
Southern Miss,2019,85.25,142.51250000000002,,
Southern Miss,2020,84.0,148.26,,
Southern Miss,2021,78.0,157.1275,,
Southern Miss,2022,90.5,145.04,,
Southern Miss,2023,90.25,143.6625,,
Southern Utah,2015,176.0,6.67,,
Southern Utah,2016,205.0,6.325,,
Southern Utah,2017,205.5,21.994999999999997,,
Southern Utah,2018,188.33333333333334,33.480000000000004,,
Southern Utah,2019,178.75,36.2425,,
Southern Utah,2021,153.0,53.086666666666666,,
St. Francis (PA),2015,280.0,-0.03,,
St. Francis (PA),2017,238.0,7.74,,
Stanford,2011,25.0,223.33,,
Stanford,2012,23.5,222.59,,
Stanford,2013,18.0,240.38666666666668,,
Stanford,2014,26.5,224.13500000000002,0.889,0.568
Stanford,2015,23.5,230.81500000000003,0.84,0.774
Stanford,2016,24.0,230.51500000000001,0.395,0.478
Stanford,2017,26.25,222.975,0.596,0.65
Stanford,2018,16.75,240.8275,0.871,0.809
Stanford,2019,23.5,228.8875,0.597,0.643
Stanford,2020,22.75,234.37,0.678,0.57
Stanford,2021,24.0,232.57,0.403,0.489
Stanford,2022,33.25,216.7675,0.851,0.678
Stanford,2023,28.0,223.63000000000002,0.392,0.382
Stephen F. Austin,2014,162.0,21.18,,
Stephen F. Austin,2015,195.0,13.925,,
Stephen F. Austin,2016,176.0,23.05,,
Stephen F. Austin,2017,165.5,37.125,,
Stephen F. Austin,2018,163.25,46.07,,
Stephen F. Austin,2019,143.25,57.11749999999999,,
Stephen F. Austin,2020,141.5,75.1875,,
Stephen F. Austin,2021,143.5,74.65249999999999,,
Stephen F. Austin,2022,141.25,69.605,,
Stephen F. Austin,2023,151.25,59.25,,
Stetson,2017,197.0,7.98,,
Stony Brook,2014,167.0,19.72,,
Stony Brook,2015,155.0,27.615,,
Stony Brook,2016,179.0,21.016666666666666,,
Stony Brook,2017,183.5,22.1025,,
Stony Brook,2018,181.5,30.162499999999994,,
Stony Brook,2019,186.0,29.155,,
Stony Brook,2020,179.75,33.275000000000006,,
Syracuse,2011,60.0,180.14,,
Syracuse,2012,59.0,167.755,,
Syracuse,2013,59.333333333333336,168.65,,
Syracuse,2014,63.0,162.57999999999998,0.886,0.593
Syracuse,2015,61.0,161.7625,0.678,0.638
Syracuse,2016,60.75,165.935,1.014,0.914
Syracuse,2017,61.25,164.6125,0.596,0.805
Syracuse,2018,56.25,173.54,0.557,0.723
Syracuse,2019,56.0,176.60750000000002,0.377,0.434
Syracuse,2020,55.5,179.26,0.551,0.639
Syracuse,2021,54.75,181.9425,0.852,0.644
Syracuse,2022,55.5,181.04749999999999,0.677,0.766
Syracuse,2023,59.75,175.30249999999998,0.767,0.706
TCU,2011,47.0,192.08,,
TCU,2012,37.5,199.78,,
TCU,2013,34.666666666666664,206.31000000000003,,
TCU,2014,34.75,203.44000000000003,0.565,0.592
TCU,2015,33.75,202.58,0.889,0.842
TCU,2016,36.5,198.57,0.242,0.295
TCU,2017,34.5,202.675,1.014,0.872
TCU,2018,32.75,206.475,0.405,0.366
TCU,2019,28.25,215.34749999999997,0.693,0.595
TCU,2020,26.75,220.14249999999998,0.726,0.568
TCU,2021,28.5,215.165,0.66,0.732
TCU,2022,36.75,205.615,0.847,0.826
TCU,2023,41.75,198.1,0.144,0.125
Temple,2011,95.0,141.31,,
Temple,2012,89.0,117.595,,
Temple,2013,84.0,124.94,,
Temple,2014,82.25,128.77749999999997,,
Temple,2015,75.75,132.51749999999998,,
Temple,2016,75.0,144.8825,,
Temple,2017,71.25,151.86249999999998,,
Temple,2018,81.75,143.8225,,
Temple,2019,85.25,143.6025,,
Temple,2020,91.5,141.9075,,
Temple,2021,101.0,136.345,,
Temple,2022,97.5,142.51999999999998,,
Temple,2023,100.5,136.065,,
Tennessee,2011,7.0,271.56,,
Tennessee,2012,10.5,262.67,,
Tennessee,2013,13.333333333333334,256.05,,
Tennessee,2014,16.25,245.5525,0.799,0.649
Tennessee,2015,16.25,246.355,0.91,0.602
Tennessee,2016,13.75,254.47499999999997,0.879,0.909
Tennessee,2017,12.5,257.2575,0.223,0.247
Tennessee,2018,10.5,263.04499999999996,0.66,0.537
Tennessee,2019,14.0,252.1875,0.865,0.871
Tennessee,2020,16.25,247.89,0.543,0.709
Tennessee,2021,15.25,249.78,0.31,0.273
Tennessee,2022,15.0,250.57750000000001,0.763,0.806
Tennessee,2023,14.25,250.935,0.422,0.508
Tennessee State,2013,141.0,19.26,,
Tennessee State,2014,142.0,24.945,,
Tennessee State,2015,145.66666666666666,25.493333333333336,,
Tennessee State,2016,166.25,21.0125,,
Tennessee State,2017,164.25,36.47,,
Tennessee State,2018,170.75,39.0175,,
Tennessee State,2019,171.75,41.04,,
Tennessee State,2020,160.5,47.42,,
Tennessee State,2021,171.0,35.2,,
Tennessee Tech,2014,132.0,47.01,,
Tennessee Tech,2015,138.5,40.0,,
Tennessee Tech,2016,154.33333333333334,33.07666666666666,,
Tennessee Tech,2017,155.75,37.0625,,
Tennessee Tech,2018,169.25,32.8425,,
Tennessee Tech,2019,169.0,39.7375,,
Tennessee Tech,2021,192.33333333333334,31.886666666666667,,
Tennessee Tech,2022,182.33333333333334,29.163333333333338,,
Texas,2011,2.0,312.07,,
Texas,2012,3.0,298.06,,
Texas,2013,2.6666666666666665,298.74666666666667,,
Texas,2014,6.25,282.69,0.538,0.565
Texas,2015,10.0,264.635,0.496,0.63
Texas,2016,11.5,261.745,0.858,0.773
Texas,2017,12.75,256.88000000000005,0.642,0.639
Texas,2018,14.75,252.69000000000003,0.654,0.824
Texas,2019,11.25,267.7425,0.708,0.684
Texas,2020,9.5,271.5425,0.702,0.841
Texas,2021,10.0,269.11,0.442,0.392
Texas,2022,8.0,273.9425,0.565,0.601
Texas,2023,8.5,271.1875,0.61,0.561
Texas A&M,2011,16.0,240.98,,
Texas A&M,2012,25.0,217.20999999999998,,
Texas A&M,2013,22.0,227.6966666666667,,
Texas A&M,2014,18.75,237.70999999999998,0.227,0.28
Texas A&M,2015,16.0,246.98499999999996,0.57,0.594
Texas A&M,2016,10.25,266.27750000000003,0.537,0.396
Texas A&M,2017,10.75,263.845,0.338,0.466
Texas A&M,2018,11.75,259.0525,0.613,0.69
Texas A&M,2019,14.75,252.3325,0.648,0.667
Texas A&M,2020,13.0,256.045,0.803,0.801
Texas A&M,2021,10.0,268.6825,0.624,0.593
Texas A&M,2022,8.5,277.875,0.481,0.338
Texas A&M,2023,4.5,298.3575,0.648,0.516
Texas Southern,2013,162.0,9.93,,
Texas Southern,2014,187.0,6.63,,
Texas Southern,2015,206.33333333333334,5.076666666666667,,
Texas Southern,2016,199.75,9.1875,,
Texas Southern,2017,221.25,8.372499999999999,,
Texas Southern,2018,208.5,20.48,,
Texas Southern,2019,195.25,24.0625,,
Texas Southern,2020,189.25,32.79,,
Texas Southern,2021,186.25,33.365,,
Texas Southern,2023,189.66666666666666,25.48,,
Texas State,2012,127.0,12.55,,
Texas State,2013,119.5,53.32,,
Texas State,2014,111.0,75.70666666666666,,
Texas State,2015,107.5,84.25500000000001,,
Texas State,2016,99.5,112.29500000000002,,
Texas State,2017,99.0,116.7,,
Texas State,2018,98.5,118.55250000000001,,
Texas State,2019,101.0,122.13749999999999,,
Texas State,2020,110.5,118.73499999999999,,
Texas State,2021,107.75,127.10499999999999,,
Texas State,2022,130.5,97.4975,,
Texas State,2023,137.0,79.27250000000001,,
Texas Tech,2011,37.0,207.32,,
Texas Tech,2012,28.0,218.93,,
Texas Tech,2013,28.0,219.51999999999998,,
Texas Tech,2014,32.5,210.18,0.46,0.56
Texas Tech,2015,33.25,206.305,0.821,0.877
Texas Tech,2016,36.5,199.46499999999997,0.71,0.696
Texas Tech,2017,40.5,190.45,0.339,0.402
Texas Tech,2018,41.25,190.6775,0.156,0.224
Texas Tech,2019,49.25,185.19,0.579,0.626
Texas Tech,2020,56.5,178.8175,0.531,0.487
Texas Tech,2021,57.75,178.45,0.629,0.679
Texas Tech,2022,61.5,174.465,0.565,0.664
Texas Tech,2023,54.25,181.34749999999997,0.764,0.65
The Citadel,2013,184.0,4.31,,
The Citadel,2014,172.5,12.865,,
The Citadel,2015,174.33333333333334,14.163333333333336,,
The Citadel,2016,172.25,18.2225,,
The Citadel,2017,187.0,19.0625,,
The Citadel,2018,193.5,21.2025,,
The Citadel,2019,192.75,23.145000000000003,,
The Citadel,2022,195.5,20.945,,
The Citadel,2023,201.0,13.625,,
Toledo,2011,87.0,149.24,,
Toledo,2012,80.5,141.07,,
Toledo,2013,79.0,140.16666666666666,,
Toledo,2014,78.25,140.615,,
Toledo,2015,79.5,132.15,,
Toledo,2016,82.0,133.455,,
Toledo,2017,85.0,132.095,,
Toledo,2018,85.5,133.255,,
Toledo,2019,79.25,147.91,,
Toledo,2020,76.5,153.8825,,
Toledo,2021,71.75,161.7025,,
Toledo,2022,69.0,165.8475,,
Toledo,2023,75.25,156.07,,
Towson,2013,152.0,10.79,,
Towson,2014,170.0,10.364999999999998,,
Towson,2015,167.33333333333334,14.166666666666666,,
Towson,2016,159.0,22.497500000000002,,
Towson,2017,165.75,29.1675,,
Towson,2018,170.0,31.3075,,
Towson,2021,207.5,14.71,,
Towson,2022,194.0,10.73,,
Troy,2011,109.0,117.28,,
Troy,2012,110.5,84.555,,
Troy,2013,106.66666666666667,93.58333333333333,,
Troy,2014,104.75,98.815,,
Troy,2015,110.5,85.5475,,
Troy,2016,111.75,99.485,,
Troy,2017,111.5,103.5075,,
Troy,2018,110.75,105.85499999999999,,
Troy,2019,102.25,123.965,,
Troy,2020,93.0,136.4675,,
Troy,2021,89.5,143.1525,,
Troy,2022,91.5,145.59,,
Troy,2023,99.5,127.725,,
Tulane,2011,90.0,145.27,,
Tulane,2012,85.5,128.035,,
Tulane,2013,84.66666666666667,126.90666666666668,,
Tulane,2014,84.25,128.5225,,
Tulane,2015,84.25,121.92,,
Tulane,2016,86.75,126.445,,
Tulane,2017,90.25,127.2275,,
Tulane,2018,97.5,122.55000000000001,,
Tulane,2019,92.0,136.27249999999998,,
Tulane,2020,92.75,140.2525,,
Tulane,2021,85.0,149.76749999999998,,
Tulane,2022,76.25,160.2425,,
Tulane,2023,77.75,156.9875,,
Tulsa,2011,72.0,172.19,,
Tulsa,2012,76.0,142.785,,
Tulsa,2013,80.33333333333333,135.31333333333333,,
Tulsa,2014,80.5,136.0125,,
Tulsa,2015,82.25,125.54,,
Tulsa,2016,89.5,126.215,,
Tulsa,2017,91.0,128.2525,,
Tulsa,2018,92.0,127.4925,,
Tulsa,2019,96.5,129.23000000000002,,
Tulsa,2020,96.5,133.68,,
Tulsa,2021,100.75,136.1125,,
Tulsa,2022,111.0,126.8175,,
Tulsa,2023,114.75,120.84,,
UAB,2011,86.0,150.49,,
UAB,2012,93.5,106.015,,
UAB,2013,98.66666666666667,102.98,,
UAB,2014,98.25,106.80250000000001,,
UAB,2015,105.25,93.21249999999999,,
UAB,2016,146.0,77.82749999999999,,
UAB,2017,136.5,93.2525,,
UAB,2018,139.25,92.6725,,
UAB,2019,136.5,100.0125,,
UAB,2020,89.0,140.1325,,
UAB,2021,97.0,136.1225,,
UAB,2022,99.0,137.995,,
UAB,2023,94.75,142.245,,
UAlbany,2014,141.0,32.8,,
UAlbany,2015,139.5,37.584999999999994,,
UAlbany,2016,182.33333333333334,25.03666666666666,,
UAlbany,2017,186.25,25.1025,,
UAlbany,2019,223.33333333333334,15.213333333333333,,
UAlbany,2021,220.0,14.66,,
UC Davis,2014,193.0,8.98,,
UC Davis,2015,172.5,18.16,,
UC Davis,2016,161.66666666666666,25.25666666666667,,
UC Davis,2017,156.5,36.2425,,
UC Davis,2018,147.5,47.565000000000005,,
UC Davis,2019,147.75,50.5025,,
UC Davis,2020,148.0,63.17500000000001,,
UC Davis,2021,146.75,69.2075,,
UC Davis,2022,143.75,63.445,,
UCF,2011,50.0,189.21,,
UCF,2012,52.0,173.97500000000002,,
UCF,2013,66.66666666666667,153.6866666666667,,
UCF,2014,69.75,150.095,0.442,0.334
UCF,2015,74.25,142.68,0.429,0.698
UCF,2016,78.5,143.19,1.091,0.784
UCF,2017,70.75,155.4675,0.639,0.684
UCF,2018,64.75,165.22250000000003,0.779,0.79
UCF,2019,63.25,169.5975,0.811,0.87
UCF,2020,60.25,174.32500000000002,0.682,0.768
UCF,2021,61.75,174.51250000000002,0.626,0.583
UCF,2022,61.75,174.34999999999997,0.637,0.799
UCF,2023,59.5,176.68,0.68,0.666
UCLA,2011,10.0,263.81,,
UCLA,2012,27.5,218.01999999999998,,
UCLA,2013,24.333333333333332,227.93666666666664,,
UCLA,2014,20.0,240.03500000000003,0.912,0.882
UCLA,2015,22.0,234.01749999999998,0.534,0.516
UCLA,2016,13.75,258.38,0.543,0.616
UCLA,2017,12.5,261.2025,0.668,0.67
UCLA,2018,15.75,249.4025,0.338,0.422
UCLA,2019,16.0,248.91000000000003,0.551,0.65
UCLA,2020,23.0,231.39249999999998,0.736,0.753
UCLA,2021,27.75,218.7325,0.853,0.757
UCLA,2022,30.0,213.075,0.615,0.751
UCLA,2023,40.5,197.475,0.281,0.277
UConn,2011,84.0,151.1,,
UConn,2012,81.5,134.35,,
UConn,2013,78.33333333333333,137.5533333333333,,
UConn,2014,74.25,143.31750000000002,,
UConn,2015,80.75,130.12,,
UConn,2016,85.75,130.9425,,
UConn,2017,92.5,126.66,,
UConn,2018,102.25,116.9175,,
UConn,2019,100.25,123.80749999999999,,
UConn,2020,104.75,125.505,,
UConn,2021,109.5,127.36500000000001,,
UConn,2022,113.0,128.23250000000002,,
UConn,2023,115.75,124.8525,,
UL Monroe,2011,116.0,85.12,,
UL Monroe,2012,111.0,71.42,,
UL Monroe,2013,112.66666666666667,77.35666666666667,,
UL Monroe,2014,116.0,77.3475,,
UL Monroe,2015,118.5,77.1875,,
UL Monroe,2016,119.0,91.92500000000001,,
UL Monroe,2017,121.0,94.495,,
UL Monroe,2018,115.0,105.55250000000001,,
UL Monroe,2019,113.0,113.575,,
UL Monroe,2020,118.0,114.2525,,
UL Monroe,2021,117.0,122.45,,
UL Monroe,2022,119.75,123.9725,,
UL Monroe,2023,123.75,107.17,,
UNLV,2011,103.0,136.45,,
UNLV,2012,106.5,95.16499999999999,,
UNLV,2013,104.66666666666667,98.87666666666667,,
UNLV,2014,103.0,103.4225,,
UNLV,2015,106.5,92.0975,,
UNLV,2016,105.5,108.4925,,
UNLV,2017,100.5,117.6125,,
UNLV,2018,105.25,115.82249999999999,,
UNLV,2019,100.75,125.80499999999999,,
UNLV,2020,99.25,130.83249999999998,,
UNLV,2021,98.25,135.3475,,
UNLV,2022,86.0,148.345,,
UNLV,2023,86.75,146.01999999999998,,
USC,2011,3.0,294.73,,
USC,2012,3.0,290.86,,
USC,2013,4.666666666666667,285.3,,
USC,2014,6.75,278.08500000000004,0.706,0.759
USC,2015,8.5,270.6175,0.53,0.567
USC,2016,8.25,276.59000000000003,0.605,0.543
USC,2017,8.75,276.47249999999997,0.681,0.67
USC,2018,6.5,286.6375,0.294,0.269
USC,2019,5.0,293.22249999999997,0.856,0.845
USC,2020,9.5,276.38,0.826,0.875
USC,2021,20.75,253.205,0.709,0.653
USC,2022,21.75,249.11,0.218,0.15
USC,2023,38.25,217.68,0.742,0.764
UT Martin,2014,194.0,8.82,,
UT Martin,2015,200.0,9.83,,
UT Martin,2016,179.66666666666666,19.793333333333333,,
UT Martin,2017,193.0,17.83,,
UT Martin,2018,185.25,27.985,,
UT Martin,2019,170.0,39.905,,
UT Martin,2020,174.5,43.745,,
UT Martin,2022,162.66666666666666,45.876666666666665,,
UTEP,2011,85.0,150.87,,
UTEP,2012,102.5,92.955,,
UTEP,2013,103.66666666666667,96.21999999999998,,
UTEP,2014,108.0,94.2975,,
UTEP,2015,116.25,78.9625,,
UTEP,2016,118.25,88.46000000000001,,
UTEP,2017,123.0,87.62,,
UTEP,2018,126.0,86.86500000000001,,
UTEP,2019,128.75,90.79249999999999,,
UTEP,2020,124.75,105.52999999999999,,
UTEP,2021,126.25,109.3,,
UTEP,2022,126.5,103.0775,,
UTEP,2023,126.5,96.20249999999999,,
UTSA,2012,131.0,6.67,,
UTSA,2013,126.5,34.4,,
UTSA,2014,118.66666666666667,59.173333333333325,,
UTSA,2015,120.75,64.8125,,
UTSA,2016,113.75,93.11500000000001,,
UTSA,2017,109.0,107.6625,,
UTSA,2018,102.0,118.35249999999999,,
UTSA,2019,91.5,136.165,,
UTSA,2020,89.75,141.77249999999998,,
UTSA,2021,90.25,147.32500000000002,,
UTSA,2022,91.0,148.155,,
UTSA,2023,88.0,150.42000000000002,,
Utah,2011,42.0,202.2,,
Utah,2012,40.0,192.155,,
Utah,2013,39.333333333333336,196.40666666666667,,
Utah,2014,41.25,192.6225,0.66,0.68
Utah,2015,47.25,182.24,0.731,0.873
Utah,2016,49.0,182.55749999999998,0.337,0.232
Utah,2017,48.75,181.49499999999998,0.553,0.673
Utah,2018,45.25,187.62249999999997,0.519,0.688
Utah,2019,37.0,199.9425,0.953,0.87
Utah,2020,36.25,203.25,0.386,0.303
Utah,2021,34.25,206.165,0.368,0.268
Utah,2022,34.25,205.52749999999997,0.848,0.825
Utah,2023,34.5,205.4675,0.72,0.781
Utah State,2011,105.0,127.94,,
Utah State,2012,106.5,92.235,,
Utah State,2013,108.0,93.50666666666666,,
Utah State,2014,108.25,96.4825,,
Utah State,2015,109.75,88.94749999999999,,
Utah State,2016,106.75,105.955,,
Utah State,2017,102.0,114.60499999999999,,
Utah State,2018,100.75,118.25250000000001,,
Utah State,2019,100.25,124.705,,
Utah State,2020,98.75,131.045,,
Utah State,2021,105.0,132.0075,,
Utah State,2022,112.75,115.8375,,
Utah State,2023,105.5,123.01249999999999,,
VMI,2013,146.0,15.27,,
VMI,2014,161.5,14.6,,
VMI,2016,208.0,9.703333333333333,,
VMI,2017,228.0,11.316666666666668,,
VMI,2018,248.33333333333334,8.943333333333333,,
VMI,2020,223.66666666666666,11.633333333333333,,
Vanderbilt,2011,51.0,188.39,,
Vanderbilt,2012,50.0,176.195,,
Vanderbilt,2013,48.666666666666664,182.21333333333334,,
Vanderbilt,2014,43.0,189.4675,0.081,0.429
Vanderbilt,2015,41.75,188.1325,1.013,0.767
Vanderbilt,2016,41.75,192.475,0.617,0.65
Vanderbilt,2017,43.75,186.7975,0.937,0.943
Vanderbilt,2018,53.5,175.84499999999997,0.617,0.601
Vanderbilt,2019,52.25,180.5925,0.593,0.476
Vanderbilt,2020,54.0,180.855,0.238,0.194
Vanderbilt,2021,53.5,183.52249999999998,0.828,0.568
Vanderbilt,2022,49.5,187.7825,0.641,0.83
Vanderbilt,2023,47.25,190.3,0.519,0.604
Villanova,2013,123.0,24.24,,
Villanova,2014,139.5,23.354999999999997,,
Villanova,2015,160.33333333333334,19.456666666666663,,
Villanova,2016,171.33333333333334,22.743333333333336,,
Villanova,2017,175.0,24.799999999999997,,
Villanova,2018,171.25,37.644999999999996,,
Villanova,2019,167.5,38.957499999999996,,
Villanova,2020,175.75,38.175,,
Villanova,2021,165.5,47.775,,
Villanova,2022,175.0,31.945,,
Virginia,2011,74.0,170.27,,
Virginia,2012,48.5,195.525,,
Virginia,2013,40.666666666666664,204.97666666666666,,
Virginia,2014,37.75,204.2025,0.748,0.926
Virginia,2015,27.5,212.97,0.5,0.376
Virginia,2016,34.25,202.755,0.71,0.877
Virginia,2017,43.75,188.0225,0.695,0.551
Virginia,2018,51.0,180.6775,0.438,0.413
Virginia,2019,57.5,173.99249999999998,0.666,0.668
Virginia,2020,54.75,179.235,0.265,0.234
Virginia,2021,51.0,184.39,0.804,0.914
Virginia,2022,44.25,192.5975,0.803,0.814
Virginia,2023,46.0,189.66,0.211,0.302
Virginia Tech,2011,28.0,214.01,,
Virginia Tech,2012,31.5,202.015,,
Virginia Tech,2013,28.0,211.81333333333336,,
Virginia Tech,2014,26.25,214.815,0.555,0.459
Virginia Tech,2015,26.25,215.66,0.892,0.936
Virginia Tech,2016,24.75,221.17249999999999,0.754,0.675
Virginia Tech,2017,30.0,210.83499999999998,0.231,0.249
Virginia Tech,2018,31.25,209.315,0.691,0.773
Virginia Tech,2019,30.25,211.46999999999997,0.746,0.707
Virginia Tech,2020,29.5,214.45499999999998,0.622,0.571
Virginia Tech,2021,37.0,207.6625,0.565,0.528
Virginia Tech,2022,41.75,200.6875,0.234,0.323
Virginia Tech,2023,44.75,196.3775,0.651,0.691
Wagner,2013,148.0,13.76,,
Wagner,2014,163.5,13.41,,
Wagner,2016,203.33333333333334,8.93,,
Wagner,2018,272.0,-0.015,,
Wake Forest,2011,63.0,178.48,,
Wake Forest,2012,64.5,161.685,,
Wake Forest,2013,65.0,159.8133333333333,,
Wake Forest,2014,65.0,158.10999999999999,0.243,0.251
Wake Forest,2015,66.0,153.58999999999997,0.202,0.744
Wake Forest,2016,62.25,161.57999999999998,0.801,0.927
Wake Forest,2017,60.0,164.9125,1.094,0.947
Wake Forest,2018,60.75,167.16,0.355,0.481
Wake Forest,2019,60.0,171.13750000000002,0.678,0.759
Wake Forest,2020,61.5,172.48999999999998,0.36,0.33
Wake Forest,2021,62.25,173.595,0.919,0.853
Wake Forest,2022,61.75,174.53499999999997,0.792,0.776
Wake Forest,2023,63.5,171.505,0.412,0.363
Washington,2011,19.0,234.35,,
Washington,2012,21.5,227.125,,
Washington,2013,22.333333333333332,226.59,,
Washington,2014,21.25,228.4925,0.284,0.306
Washington,2015,26.0,219.535,0.476,0.463
Washington,2016,26.5,218.51749999999998,0.676,0.767
Washington,2017,27.75,214.60500000000002,0.832,0.872
Washington,2018,28.75,212.24,0.783,0.774
Washington,2019,23.25,225.91750000000002,0.525,0.387
Washington,2020,20.5,236.7575,0.275,0.261
Washington,2021,17.25,247.3775,0.83,0.916
Washington,2022,20.5,241.6375,0.83,0.735
Washington,2023,40.5,210.71750000000003,0.887,0.851
Washington State,2011,65.0,177.38,,
Washington State,2012,66.5,160.845,,
Washington State,2013,63.666666666666664,165.02,,
Washington State,2014,60.25,168.24,,
Washington State,2015,57.25,168.05,,
Washington State,2016,50.75,179.075,,
Washington State,2017,50.25,178.1675,,
Washington State,2018,48.75,180.305,,
Washington State,2019,47.0,184.85999999999999,,
Washington State,2020,52.75,181.29250000000002,,
Washington State,2021,52.75,183.6775,,
Washington State,2022,56.75,180.21,,
Washington State,2023,60.25,175.37,,
Weber State,2013,164.0,7.99,,
Weber State,2015,183.5,7.33,,
Weber State,2016,172.66666666666666,16.803333333333335,,
Weber State,2017,171.66666666666666,30.200000000000003,,
Weber State,2018,153.66666666666666,49.38999999999999,,
Weber State,2019,155.25,44.9175,,
Weber State,2022,165.5,35.379999999999995,,
Weber State,2023,172.0,25.715,,
West Virginia,2011,32.0,211.69,,
West Virginia,2012,42.0,186.0,,
West Virginia,2013,39.666666666666664,192.9,,
West Virginia,2014,37.25,194.9325,0.704,0.683
West Virginia,2015,39.0,190.72249999999997,0.366,0.421
West Virginia,2016,34.75,200.14999999999998,0.707,0.754
West Virginia,2017,35.75,197.0875,0.282,0.337
West Virginia,2018,42.5,190.5,0.656,0.66
West Virginia,2019,41.5,193.8675,0.269,0.476
West Virginia,2020,44.75,192.32,0.877,0.79
West Virginia,2021,44.25,193.65000000000003,0.869,0.825
West Virginia,2022,40.0,198.7475,0.186,0.219
West Virginia,2023,40.0,198.93,0.351,0.362
Western Carolina,2012,134.0,0.0,,
Western Carolina,2013,158.0,2.49,,
Western Carolina,2014,171.33333333333334,4.2700000000000005,,
Western Carolina,2015,180.5,5.8275,,
Western Carolina,2016,181.25,16.745,,
Western Carolina,2017,176.25,27.4325,,
Western Carolina,2018,174.0,32.572500000000005,,
Western Carolina,2019,163.25,37.082499999999996,,
Western Carolina,2020,167.0,42.51,,
Western Carolina,2021,170.75,37.94,,
Western Carolina,2022,166.75,33.995,,
Western Carolina,2023,163.75,32.87,,
Western Illinois,2013,155.0,10.55,,
Western Illinois,2014,180.5,8.61,,
Western Illinois,2015,181.33333333333334,10.910000000000002,,
Western Illinois,2016,178.25,15.4025,,
Western Illinois,2017,198.0,15.5875,,
Western Illinois,2018,190.5,22.925,,
Western Illinois,2020,198.66666666666666,21.406666666666666,,
Western Illinois,2022,187.0,20.314999999999998,,
Western Kentucky,2011,107.0,126.31,,
Western Kentucky,2012,96.0,106.06,,
Western Kentucky,2013,96.33333333333333,108.02,,
Western Kentucky,2014,96.0,111.075,,
Western Kentucky,2015,91.25,109.7775,,
Western Kentucky,2016,97.75,117.2375,,
Western Kentucky,2017,98.75,120.2775,,
Western Kentucky,2018,95.5,124.725,,
Western Kentucky,2019,94.5,133.1375,,
Western Kentucky,2020,88.25,142.6975,,
Western Kentucky,2021,83.0,151.015,,
Western Kentucky,2022,96.5,128.9125,,
Western Kentucky,2023,99.0,122.62,,
Western Michigan,2011,88.0,146.63,,
Western Michigan,2012,85.0,120.375,,
Western Michigan,2013,87.0,120.29333333333334,,
Western Michigan,2014,92.25,116.88,,
Western Michigan,2015,88.0,118.5775,,
Western Michigan,2016,86.5,131.9925,,
Western Michigan,2017,80.5,142.14,,
Western Michigan,2018,75.75,147.96499999999997,,
Western Michigan,2019,77.0,150.5325,,
Western Michigan,2020,81.0,150.7625,,
Western Michigan,2021,85.75,148.86,,
Western Michigan,2022,87.75,151.1525,,
Western Michigan,2023,95.0,139.99,,
William & Mary,2013,151.0,11.07,,
William & Mary,2014,166.5,11.530000000000001,,
William & Mary,2015,169.0,13.746666666666668,,
William & Mary,2016,166.0,18.747500000000002,,
William & Mary,2017,176.0,22.9075,,
William & Mary,2018,173.5,29.8125,,
William & Mary,2019,182.0,28.055,,
William & Mary,2021,200.33333333333334,22.236666666666668,,
Wisconsin,2011,46.0,194.33,,
Wisconsin,2012,45.0,184.205,,
Wisconsin,2013,51.666666666666664,176.38666666666668,,
Wisconsin,2014,48.75,180.06000000000003,0.468,0.617
Wisconsin,2015,45.25,182.8375,0.561,0.623
Wisconsin,2016,44.5,186.78,0.297,0.512
Wisconsin,2017,37.0,197.305,0.639,0.461
Wisconsin,2018,36.75,198.0025,0.856,0.882
Wisconsin,2019,40.0,195.4025,0.707,0.652
Wisconsin,2020,37.0,202.8175,0.686,0.649
Wisconsin,2021,34.5,208.48999999999998,0.808,0.665
Wisconsin,2022,28.5,220.2225,0.673,0.799
Wisconsin,2023,28.25,220.0675,0.572,0.498
Wofford,2014,168.0,18.4,,
Wofford,2015,161.0,22.485,,
Wofford,2016,163.0,25.03333333333333,,
Wofford,2017,163.25,30.455,,
Wofford,2018,173.0,30.229999999999997,,
Wofford,2019,188.75,25.814999999999998,,
Wofford,2020,194.5,26.02,,
Wofford,2021,204.25,19.1925,,
Wyoming,2011,99.0,138.94,,
Wyoming,2012,101.5,99.38,,
Wyoming,2013,105.66666666666667,97.05666666666666,,
Wyoming,2014,106.75,98.195,,
Wyoming,2015,114.0,83.6775,,
Wyoming,2016,116.25,97.30250000000001,,
Wyoming,2017,116.75,101.61250000000001,,
Wyoming,2018,114.0,106.7225,,
Wyoming,2019,113.5,113.79,,
Wyoming,2020,109.5,120.39750000000001,,
Wyoming,2021,108.75,127.5175,,
Wyoming,2022,111.5,129.6075,,
Wyoming,2023,103.25,135.79,,
Yale,2013,142.0,18.55,,
Yale,2014,135.5,44.37,,
Yale,2015,125.0,64.20333333333333,,
Yale,2016,127.75,59.4225,,
Yale,2017,122.75,80.3575,,
Yale,2018,122.25,86.69500000000001,,
Yale,2019,127.0,88.3525,,
Yale,2020,126.5,104.62500000000001,,
Yale,2021,132.75,95.705,,
Yale,2022,134.25,87.1625,,
Yale,2023,139.75,66.72500000000001,,
Youngstown State,2013,129.0,28.33,,
Youngstown State,2014,160.5,18.689999999999998,,
Youngstown State,2015,164.66666666666666,18.73,,
Youngstown State,2016,169.25,19.349999999999998,,
Youngstown State,2017,178.5,23.852500000000003,,
Youngstown State,2018,180.25,27.6075,,
Youngstown State,2019,180.5,29.182500000000005,,
Youngstown State,2020,191.0,27.2125,,
Youngstown State,2022,194.0,21.896666666666665,,
